paired_case_id,phase_seed,morphology,flux_jy,multiplicity,baseline_id,lst_bin_id,pte_absint_frozen,pte_absint_full,brel_frozen,brel_full,strict_integrated_frozen,strict_integrated_full,integrated_physical_1e3_frozen,integrated_physical_1e3_full,beam_robust_integrated_1e3,frozen_only_integrated_1e3,full_only_integrated_1e3,delta_beam_logpte
11_10_lst016_quiet_khz_comb_S1000_multi,2026071300,khz_comb,1000.0,multi,11_10,16,0.5304695304695305,0.6783216783216783,0.0010279941899845534,0.0024395476518124337,False,False,False,False,False,False,False,0.10677525319903262
11_10_lst016_quiet_khz_comb_S1000_multi,2026071301,khz_comb,1000.0,multi,11_10,16,0.22377622377622378,0.25674325674325676,0.0010788944654406623,0.00255581715235031,False,False,False,False,False,False,False,0.05968510499713174
11_10_lst016_quiet_khz_comb_S1000_multi,2026071302,khz_comb,1000.0,multi,11_10,16,0.8621378621378621,0.4255744255744256,0.00098130869026873,0.0025114494833368677,False,False,False,False,False,False,False,-0.30660119661249063
11_10_lst016_quiet_khz_comb_S1000_multi,2026071303,khz_comb,1000.0,multi,11_10,16,0.7952047952047953,0.1018981018981019,0.0009927336816294738,0.002591621420319474,False,False,False,False,False,False,False,-0.8923128959757515
11_10_lst016_quiet_khz_comb_S1000_multi,2026071304,khz_comb,1000.0,multi,11_10,16,0.6203796203796204,0.951048951048951,0.0010131928608778198,0.002382419128755359,False,False,False,False,False,False,False,0.1855453482078942
11_10_lst016_quiet_lines_S1000_multi,2026071300,lines,1000.0,multi,11_10,16,0.5154845154845155,0.6663336663336663,0.0011403308779945067,0.002928481188567289,False,False,False,False,False,False,False,0.11147613228933764
11_10_lst016_quiet_lines_S1000_multi,2026071301,lines,1000.0,multi,11_10,16,0.21578421578421578,0.2807192807192807,0.0012053637814638052,0.0030634369157405412,False,False,False,False,False,False,False,0.11425256875414896
11_10_lst016_quiet_lines_S1000_multi,2026071302,lines,1000.0,multi,11_10,16,0.8131868131868132,0.4255744255744256,0.0010917007758479145,0.0030178785725749873,False,False,False,False,False,False,False,-0.2812148057864823
11_10_lst016_quiet_lines_S1000_multi,2026071303,lines,1000.0,multi,11_10,16,0.8371628371628371,0.08091908091908091,0.0010851139155586506,0.0031209976993246363,False,False,False,False,False,False,False,-1.0147589997516269
11_10_lst016_quiet_lines_S1000_multi,2026071304,lines,1000.0,multi,11_10,16,0.6403596403596403,0.961038961038961,0.0011196303246510575,0.002866925601324464,False,False,False,False,False,False,False,0.17631704251899552
11_10_lst016_quiet_smooth_S1000_multi,2026071300,smooth,1000.0,multi,11_10,16,0.5194805194805194,0.6613386613386614,0.0011404192923336225,0.002932328442082565,False,False,False,False,False,False,False,0.10485464580490082
11_10_lst016_quiet_smooth_S1000_multi,2026071301,smooth,1000.0,multi,11_10,16,0.22577422577422576,0.2757242757242757,0.0012050952387114577,0.003065645084517496,False,False,False,False,False,False,False,0.08680064291781683
11_10_lst016_quiet_smooth_S1000_multi,2026071302,smooth,1000.0,multi,11_10,16,0.8421578421578422,0.44455544455544455,0.0010918468446222797,0.0030190990756967274,False,False,False,False,False,False,False,-0.27746756364381076
11_10_lst016_quiet_smooth_S1000_multi,2026071303,smooth,1000.0,multi,11_10,16,0.8551448551448552,0.07392607392607392,0.0010861046187562308,0.0031202967340728744,False,False,False,False,False,False,False,-1.063242044946177
11_10_lst016_quiet_smooth_S1000_multi,2026071304,smooth,1000.0,multi,11_10,16,0.6533466533466533,0.9500499500499501,0.0011205751214663157,0.00286937004589581,False,False,False,False,False,False,False,0.16260276861314668
11_10_lst016_quiet_smooth_S1000_single,2026071300,smooth,1000.0,single,11_10,16,0.9370629370629371,0.8121878121878122,0.0008473234483053863,0.0028027050325096364,False,False,False,False,False,False,False,-0.06211229278499628
11_10_lst016_quiet_smooth_S1000_single,2026071301,smooth,1000.0,single,11_10,16,0.4985014985014985,0.46053946053946054,0.0008650137781771032,0.0029272413555637565,False,False,False,False,False,False,False,-0.034399620233741754
11_10_lst016_quiet_smooth_S1000_single,2026071302,smooth,1000.0,single,11_10,16,0.053946053946053944,0.2837162837162837,0.0008928830662204598,0.0029678963664068712,False,False,False,False,False,False,False,0.7209245802240692
11_10_lst016_quiet_smooth_S1000_single,2026071303,smooth,1000.0,single,11_10,16,0.0969030969030969,0.003996003996003996,0.0008914849770045799,0.003023880246064237,False,True,False,True,False,False,True,-1.3847117429382825
11_10_lst016_quiet_smooth_S1000_single,2026071304,smooth,1000.0,single,11_10,16,0.7992007992007992,0.8651348651348651,0.0008504542928790893,0.002796843245467756,False,False,False,False,False,False,False,0.034427905025403056
4_196_lst053_typical_lines_S1000_multi,2026071300,lines,1000.0,multi,4_196,53,0.5224775224775224,0.5294705294705294,0.007551496966009692,0.009327632700434088,False,False,False,False,False,False,False,0.005774180733514755
4_196_lst053_typical_lines_S1000_multi,2026071301,lines,1000.0,multi,4_196,53,0.17482517482517482,0.06293706293706294,0.008335484212906256,0.010727048151314146,False,False,False,False,False,False,False,-0.4436974992327127
4_196_lst053_typical_lines_S1000_multi,2026071302,lines,1000.0,multi,4_196,53,0.13586413586413587,0.15584415584415584,0.008410078219070444,0.010378350326741129,False,False,False,False,False,False,False,0.05958568998424405
4_196_lst053_typical_lines_S1000_multi,2026071303,lines,1000.0,multi,4_196,53,0.6633366633366633,0.5974025974025974,0.007287855718743404,0.009109792860602024,False,False,False,False,False,False,False,-0.04546689537960665
4_196_lst053_typical_lines_S1000_multi,2026071304,lines,1000.0,multi,4_196,53,0.955044955044955,0.8571428571428571,0.006782582175875076,0.008324229535752913,False,False,False,False,False,False,False,-0.04697060442739464
