pair,baseline_id,lst_stratum,lst_bin_id,morphology,flux_jy,multiplicity,residual_model,sigma_cal,ell_nu_mhz,bias_floor,frozen_PTE_max_1000,frozen_PTE_absint_1000,frozen_B_rel,frozen_retained,full_PTE_max_1000,full_PTE_absint_1000,full_B_rel,full_retained,pair_status,seed_frozen,seed_full,cal_seed
1,23_80,typical,44,smooth,1000.0,multi,smooth,0.0,0.5,0.001,0.25274725274725274,0.001998001998001998,0.20625104785992968,True,0.24175824175824176,0.001998001998001998,0.20497481058175157,True,beam-robust retained,20273824,20274232,10
1,23_80,typical,44,smooth,1000.0,multi,smooth,0.0,1.0,0.001,0.25274725274725274,0.001998001998001998,0.20625104785992968,True,0.24175824175824176,0.001998001998001998,0.20497481058175157,True,beam-robust retained,20273824,20274232,10
1,23_80,typical,44,smooth,1000.0,multi,smooth,0.0,5.0,0.001,0.25274725274725274,0.001998001998001998,0.20625104785992968,True,0.24175824175824176,0.001998001998001998,0.20497481058175157,True,beam-robust retained,20273824,20274232,10
1,23_80,typical,44,smooth,1000.0,multi,smooth,0.0001,0.5,0.001,0.25274725274725274,0.001998001998001998,0.20624586252902563,True,0.24175824175824176,0.001998001998001998,0.20497029936032798,True,beam-robust retained,20273824,20274232,10
1,23_80,typical,44,smooth,1000.0,multi,smooth,0.0001,1.0,0.001,0.25274725274725274,0.001998001998001998,0.20626179022478827,True,0.24275724275724275,0.001998001998001998,0.2049851416552704,True,beam-robust retained,20273824,20274232,10
1,23_80,typical,44,smooth,1000.0,multi,smooth,0.0001,5.0,0.001,0.25274725274725274,0.001998001998001998,0.20623596294778485,True,0.24175824175824176,0.001998001998001998,0.20495982297035195,True,beam-robust retained,20273824,20274232,10
1,23_80,typical,44,smooth,1000.0,multi,smooth,0.001,0.5,0.001,0.25274725274725274,0.001998001998001998,0.20635423852446647,True,0.24175824175824176,0.001998001998001998,0.2050828728144621,True,beam-robust retained,20273824,20274232,10
1,23_80,typical,44,smooth,1000.0,multi,smooth,0.001,1.0,0.001,0.25274725274725274,0.001998001998001998,0.20638810719128095,True,0.24175824175824176,0.001998001998001998,0.20511441539868214,True,beam-robust retained,20273824,20274232,10
1,23_80,typical,44,smooth,1000.0,multi,smooth,0.001,5.0,0.001,0.25574425574425574,0.001998001998001998,0.20647610799155372,True,0.24175824175824176,0.001998001998001998,0.20519461051543036,True,beam-robust retained,20273824,20274232,10
1,23_80,typical,44,smooth,1000.0,multi,smooth,0.01,0.5,0.001,0.26173826173826176,0.001998001998001998,0.20454873343173452,True,0.23476523476523475,0.001998001998001998,0.20325717094260404,True,beam-robust retained,20273824,20274232,10
1,23_80,typical,44,smooth,1000.0,multi,smooth,0.01,1.0,0.001,0.26173826173826176,0.001998001998001998,0.20523933546593945,True,0.23976023976023977,0.001998001998001998,0.2040486865685978,True,beam-robust retained,20273824,20274232,10
1,23_80,typical,44,smooth,1000.0,multi,smooth,0.01,5.0,0.001,0.25574425574425574,0.001998001998001998,0.20640272335684587,True,0.23076923076923078,0.001998001998001998,0.20500574824559337,True,beam-robust retained,20273824,20274232,10
1,23_80,typical,44,smooth,1000.0,multi,white,0.0,,0.001,0.25274725274725274,0.001998001998001998,0.20625104785992968,True,0.24175824175824176,0.001998001998001998,0.20497481058175157,True,beam-robust retained,20273824,20274232,10
1,23_80,typical,44,smooth,1000.0,multi,white,0.0001,,0.001,0.25274725274725274,0.001998001998001998,0.20623519697190332,True,0.24175824175824176,0.001998001998001998,0.20496043822876556,True,beam-robust retained,20273824,20274232,10
1,23_80,typical,44,smooth,1000.0,multi,white,0.001,,0.001,0.25274725274725274,0.001998001998001998,0.20625894638081274,True,0.24275724275724275,0.001998001998001998,0.2049725861750718,True,beam-robust retained,20273824,20274232,10
1,23_80,typical,44,smooth,1000.0,multi,white,0.01,,0.001,0.23876123876123875,0.001998001998001998,0.20644516212742273,True,0.22577422577422576,0.001998001998001998,0.2052879743810842,True,beam-robust retained,20273824,20274232,10
2,23_80,typical,44,lines,1000.0,multi,smooth,0.0,0.5,0.001,0.21578421578421578,0.000999000999000999,0.2063280511056938,True,0.23376623376623376,0.001998001998001998,0.20506108204172843,True,beam-robust retained,20273960,20274368,10
2,23_80,typical,44,lines,1000.0,multi,smooth,0.0,1.0,0.001,0.21578421578421578,0.000999000999000999,0.2063280511056938,True,0.23376623376623376,0.001998001998001998,0.20506108204172843,True,beam-robust retained,20273960,20274368,10
2,23_80,typical,44,lines,1000.0,multi,smooth,0.0,5.0,0.001,0.21578421578421578,0.000999000999000999,0.2063280511056938,True,0.23376623376623376,0.001998001998001998,0.20506108204172843,True,beam-robust retained,20273960,20274368,10
2,23_80,typical,44,lines,1000.0,multi,smooth,0.0001,0.5,0.001,0.21578421578421578,0.000999000999000999,0.206322630514495,True,0.23376623376623376,0.001998001998001998,0.20505619659399116,True,beam-robust retained,20273960,20274368,10
2,23_80,typical,44,lines,1000.0,multi,smooth,0.0001,1.0,0.001,0.21578421578421578,0.000999000999000999,0.20630645712296236,True,0.23376623376623376,0.001998001998001998,0.20503914889223085,True,beam-robust retained,20273960,20274368,10
2,23_80,typical,44,lines,1000.0,multi,smooth,0.0001,5.0,0.001,0.21578421578421578,0.000999000999000999,0.20633707897209577,True,0.23376623376623376,0.001998001998001998,0.20507005647794874,True,beam-robust retained,20273960,20274368,10
2,23_80,typical,44,lines,1000.0,multi,smooth,0.001,0.5,0.001,0.21178821178821178,0.000999000999000999,0.20636240002710374,True,0.23276723276723277,0.001998001998001998,0.20509153349672865,True,beam-robust retained,20273960,20274368,10
2,23_80,typical,44,lines,1000.0,multi,smooth,0.001,1.0,0.001,0.21678321678321677,0.000999000999000999,0.20643957447881534,True,0.23176823176823177,0.001998001998001998,0.20517355580245686,True,beam-robust retained,20273960,20274368,10
2,23_80,typical,44,lines,1000.0,multi,smooth,0.001,5.0,0.001,0.21678321678321677,0.000999000999000999,0.20636903028977865,True,0.23376623376623376,0.001998001998001998,0.20510572132066185,True,beam-robust retained,20273960,20274368,10
2,23_80,typical,44,lines,1000.0,multi,smooth,0.01,0.5,0.001,0.22277722277722278,0.000999000999000999,0.2068783363189743,True,0.21878121878121878,0.001998001998001998,0.20553011187137557,True,beam-robust retained,20273960,20274368,10
2,23_80,typical,44,lines,1000.0,multi,smooth,0.01,1.0,0.001,0.22377622377622378,0.000999000999000999,0.20482389702947068,True,0.23176823176823177,0.001998001998001998,0.20360816799229703,True,beam-robust retained,20273960,20274368,10
2,23_80,typical,44,lines,1000.0,multi,smooth,0.01,5.0,0.001,0.2087912087912088,0.000999000999000999,0.2064468328148469,True,0.24175824175824176,0.001998001998001998,0.2052148750037747,True,beam-robust retained,20273960,20274368,10
2,23_80,typical,44,lines,1000.0,multi,white,0.0,,0.001,0.21578421578421578,0.000999000999000999,0.2063280511056938,True,0.23376623376623376,0.001998001998001998,0.20506108204172843,True,beam-robust retained,20273960,20274368,10
2,23_80,typical,44,lines,1000.0,multi,white,0.0001,,0.001,0.21578421578421578,0.000999000999000999,0.20632910522362233,True,0.23376623376623376,0.001998001998001998,0.20506279495546145,True,beam-robust retained,20273960,20274368,10
2,23_80,typical,44,lines,1000.0,multi,white,0.001,,0.001,0.21578421578421578,0.000999000999000999,0.20642300627612392,True,0.23276723276723277,0.001998001998001998,0.2051389285584138,True,beam-robust retained,20273960,20274368,10
2,23_80,typical,44,lines,1000.0,multi,white,0.01,,0.001,0.22777222777222778,0.000999000999000999,0.20649167997349926,True,0.22877122877122877,0.001998001998001998,0.20527476362182862,True,beam-robust retained,20273960,20274368,10
3,23_80,typical,44,khz_comb,1000.0,multi,smooth,0.0,0.5,0.001,0.059940059940059943,0.003996003996003996,0.19545726531094748,True,0.20279720279720279,0.000999000999000999,0.18302127980904945,True,beam-robust retained,20274096,20274504,10
3,23_80,typical,44,khz_comb,1000.0,multi,smooth,0.0,1.0,0.001,0.059940059940059943,0.003996003996003996,0.19545726531094748,True,0.20279720279720279,0.000999000999000999,0.18302127980904945,True,beam-robust retained,20274096,20274504,10
3,23_80,typical,44,khz_comb,1000.0,multi,smooth,0.0,5.0,0.001,0.059940059940059943,0.003996003996003996,0.19545726531094748,True,0.20279720279720279,0.000999000999000999,0.18302127980904945,True,beam-robust retained,20274096,20274504,10
3,23_80,typical,44,khz_comb,1000.0,multi,smooth,0.0001,0.5,0.001,0.059940059940059943,0.003996003996003996,0.19546594632509146,True,0.20279720279720279,0.000999000999000999,0.18302902219238462,True,beam-robust retained,20274096,20274504,10
3,23_80,typical,44,khz_comb,1000.0,multi,smooth,0.0001,1.0,0.001,0.059940059940059943,0.003996003996003996,0.19547754095938816,True,0.20279720279720279,0.000999000999000999,0.18303989686849037,True,beam-robust retained,20274096,20274504,10
3,23_80,typical,44,khz_comb,1000.0,multi,smooth,0.0001,5.0,0.001,0.059940059940059943,0.003996003996003996,0.19545560639888615,True,0.20279720279720279,0.000999000999000999,0.18301914744736258,True,beam-robust retained,20274096,20274504,10
3,23_80,typical,44,khz_comb,1000.0,multi,smooth,0.001,0.5,0.001,0.060939060939060936,0.003996003996003996,0.19552785143246457,True,0.2047952047952048,0.000999000999000999,0.18310217919644828,True,beam-robust retained,20274096,20274504,10
3,23_80,typical,44,khz_comb,1000.0,multi,smooth,0.001,1.0,0.001,0.060939060939060936,0.003996003996003996,0.19546991033695665,True,0.20279720279720279,0.000999000999000999,0.18302537307153843,True,beam-robust retained,20274096,20274504,10
3,23_80,typical,44,khz_comb,1000.0,multi,smooth,0.001,5.0,0.001,0.059940059940059943,0.003996003996003996,0.19552589269945708,True,0.2017982017982018,0.000999000999000999,0.1830908750525859,True,beam-robust retained,20274096,20274504,10
3,23_80,typical,44,khz_comb,1000.0,multi,smooth,0.01,0.5,0.001,0.06693306693306693,0.003996003996003996,0.19640857672831902,True,0.21678321678321677,0.000999000999000999,0.1841717585915688,True,beam-robust retained,20274096,20274504,10
3,23_80,typical,44,khz_comb,1000.0,multi,smooth,0.01,1.0,0.001,0.06593406593406594,0.003996003996003996,0.19418282324937597,True,0.2127872127872128,0.000999000999000999,0.18173917644170023,True,beam-robust retained,20274096,20274504,10
3,23_80,typical,44,khz_comb,1000.0,multi,smooth,0.01,5.0,0.001,0.06393606393606394,0.003996003996003996,0.1952325212923453,True,0.21078921078921078,0.000999000999000999,0.18270806286243246,True,beam-robust retained,20274096,20274504,10
3,23_80,typical,44,khz_comb,1000.0,multi,white,0.0,,0.001,0.059940059940059943,0.003996003996003996,0.19545726531094748,True,0.20279720279720279,0.000999000999000999,0.18302127980904945,True,beam-robust retained,20274096,20274504,10
3,23_80,typical,44,khz_comb,1000.0,multi,white,0.0001,,0.001,0.059940059940059943,0.003996003996003996,0.19546060076244012,True,0.20279720279720279,0.000999000999000999,0.18302413473049992,True,beam-robust retained,20274096,20274504,10
3,23_80,typical,44,khz_comb,1000.0,multi,white,0.001,,0.001,0.060939060939060936,0.003996003996003996,0.19541805912379578,True,0.2017982017982018,0.000999000999000999,0.18298216731487682,True,beam-robust retained,20274096,20274504,10
3,23_80,typical,44,khz_comb,1000.0,multi,white,0.01,,0.001,0.07492507492507493,0.003996003996003996,0.19556395474465496,True,0.2127872127872128,0.000999000999000999,0.18289090237175668,True,beam-robust retained,20274096,20274504,10
4,4_196,stress,0,smooth,30.0,multi,smooth,0.0,0.5,0.001,0.24675324675324675,0.005994005994005994,0.001900091598735017,True,0.17282717282717283,0.005994005994005994,0.0023741330947551005,True,beam-robust retained,20276976,20277384,10
4,4_196,stress,0,smooth,30.0,multi,smooth,0.0,1.0,0.001,0.24675324675324675,0.005994005994005994,0.001900091598735017,True,0.17282717282717283,0.005994005994005994,0.0023741330947551005,True,beam-robust retained,20276976,20277384,10
4,4_196,stress,0,smooth,30.0,multi,smooth,0.0,5.0,0.001,0.24675324675324675,0.005994005994005994,0.001900091598735017,True,0.17282717282717283,0.005994005994005994,0.0023741330947551005,True,beam-robust retained,20276976,20277384,10
4,4_196,stress,0,smooth,30.0,multi,smooth,0.0001,0.5,0.001,0.24675324675324675,0.005994005994005994,0.0019000661489770865,True,0.17282717282717283,0.005994005994005994,0.0023741049697332413,True,beam-robust retained,20276976,20277384,10
4,4_196,stress,0,smooth,30.0,multi,smooth,0.0001,1.0,0.001,0.24675324675324675,0.005994005994005994,0.001900101700871041,True,0.17182817182817184,0.005994005994005994,0.0023741597239675936,True,beam-robust retained,20276976,20277384,10
4,4_196,stress,0,smooth,30.0,multi,smooth,0.0001,5.0,0.001,0.24675324675324675,0.005994005994005994,0.0019001522711498148,True,0.17282717282717283,0.005994005994005994,0.0023741948195061414,True,beam-robust retained,20276976,20277384,10
4,4_196,stress,0,smooth,30.0,multi,smooth,0.001,0.5,0.001,0.24575424575424576,0.005994005994005994,0.0019002915440092289,True,0.17282717282717283,0.005994005994005994,0.0023744142792378577,True,beam-robust retained,20276976,20277384,10
4,4_196,stress,0,smooth,30.0,multi,smooth,0.001,1.0,0.001,0.24675324675324675,0.005994005994005994,0.0019001658430832491,True,0.17182817182817184,0.005994005994005994,0.0023741993334833403,True,beam-robust retained,20276976,20277384,10
4,4_196,stress,0,smooth,30.0,multi,smooth,0.001,5.0,0.001,0.24675324675324675,0.005994005994005994,0.0019005852148557725,True,0.17382617382617382,0.005994005994005994,0.002374471126871382,True,beam-robust retained,20276976,20277384,10
4,4_196,stress,0,smooth,30.0,multi,smooth,0.01,0.5,0.001,0.24675324675324675,0.005994005994005994,0.001899373241711059,True,0.17182817182817184,0.005994005994005994,0.002374629759632085,True,beam-robust retained,20276976,20277384,10
4,4_196,stress,0,smooth,30.0,multi,smooth,0.01,1.0,0.001,0.24675324675324675,0.004995004995004995,0.0018933527022298015,True,0.17182817182817184,0.006993006993006993,0.0023659969848213985,True,beam-robust retained,20276976,20277384,10
4,4_196,stress,0,smooth,30.0,multi,smooth,0.01,5.0,0.001,0.24375624375624375,0.005994005994005994,0.0018997255366760334,True,0.16883116883116883,0.005994005994005994,0.002372137304980396,True,beam-robust retained,20276976,20277384,10
4,4_196,stress,0,smooth,30.0,multi,white,0.0,,0.001,0.24675324675324675,0.005994005994005994,0.001900091598735017,True,0.17282717282717283,0.005994005994005994,0.0023741330947551005,True,beam-robust retained,20276976,20277384,10
4,4_196,stress,0,smooth,30.0,multi,white,0.0001,,0.001,0.24675324675324675,0.005994005994005994,0.0019000617040533588,True,0.17182817182817184,0.005994005994005994,0.0023740921146134194,True,beam-robust retained,20276976,20277384,10
4,4_196,stress,0,smooth,30.0,multi,white,0.001,,0.001,0.24575424575424576,0.005994005994005994,0.0019001717473940158,True,0.17082917082917082,0.005994005994005994,0.002374069839152245,True,beam-robust retained,20276976,20277384,10
4,4_196,stress,0,smooth,30.0,multi,white,0.01,,0.001,0.23976023976023977,0.003996003996003996,0.0018996815438940477,True,0.16883116883116883,0.005994005994005994,0.0023740911269080132,True,beam-robust retained,20276976,20277384,10
5,4_196,stress,0,smooth,300.0,multi,smooth,0.0,0.5,0.001,0.23776223776223776,0.002997002997002997,0.01914978561555418,True,0.18681318681318682,0.004995004995004995,0.0240465090139401,True,beam-robust retained,20277010,20277418,10
5,4_196,stress,0,smooth,300.0,multi,smooth,0.0,1.0,0.001,0.23776223776223776,0.002997002997002997,0.01914978561555418,True,0.18681318681318682,0.004995004995004995,0.0240465090139401,True,beam-robust retained,20277010,20277418,10
5,4_196,stress,0,smooth,300.0,multi,smooth,0.0,5.0,0.001,0.23776223776223776,0.002997002997002997,0.01914978561555418,True,0.18681318681318682,0.004995004995004995,0.0240465090139401,True,beam-robust retained,20277010,20277418,10
5,4_196,stress,0,smooth,300.0,multi,smooth,0.0001,0.5,0.001,0.23776223776223776,0.002997002997002997,0.019149372957018032,True,0.18681318681318682,0.004995004995004995,0.024046122014010813,True,beam-robust retained,20277010,20277418,10
5,4_196,stress,0,smooth,300.0,multi,smooth,0.0001,1.0,0.001,0.23776223776223776,0.002997002997002997,0.019149672424033832,True,0.18681318681318682,0.004995004995004995,0.024046379375166987,True,beam-robust retained,20277010,20277418,10
5,4_196,stress,0,smooth,300.0,multi,smooth,0.0001,5.0,0.001,0.23776223776223776,0.002997002997002997,0.019148672520668854,True,0.18681318681318682,0.004995004995004995,0.024045740402826126,True,beam-robust retained,20277010,20277418,10
5,4_196,stress,0,smooth,300.0,multi,smooth,0.001,0.5,0.001,0.23776223776223776,0.002997002997002997,0.019154457494811827,True,0.18681318681318682,0.005994005994005994,0.02405287355361525,True,beam-robust retained,20277010,20277418,10
5,4_196,stress,0,smooth,300.0,multi,smooth,0.001,1.0,0.001,0.23776223776223776,0.002997002997002997,0.019148709176063837,True,0.18681318681318682,0.005994005994005994,0.024044439184231287,True,beam-robust retained,20277010,20277418,10
5,4_196,stress,0,smooth,300.0,multi,smooth,0.001,5.0,0.001,0.23776223776223776,0.002997002997002997,0.019151475751188415,True,0.18681318681318682,0.004995004995004995,0.02404745177265438,True,beam-robust retained,20277010,20277418,10
5,4_196,stress,0,smooth,300.0,multi,smooth,0.01,0.5,0.001,0.24175824175824176,0.002997002997002997,0.019187107592476618,True,0.18681318681318682,0.002997002997002997,0.02410202001011496,True,beam-robust retained,20277010,20277418,10
5,4_196,stress,0,smooth,300.0,multi,smooth,0.01,1.0,0.001,0.23676323676323677,0.002997002997002997,0.019228200759840577,True,0.18681318681318682,0.003996003996003996,0.02412772742872842,True,beam-robust retained,20277010,20277418,10
5,4_196,stress,0,smooth,300.0,multi,smooth,0.01,5.0,0.001,0.23876123876123875,0.002997002997002997,0.019025464960175157,True,0.1878121878121878,0.004995004995004995,0.02391344753319904,True,beam-robust retained,20277010,20277418,10
5,4_196,stress,0,smooth,300.0,multi,white,0.0,,0.001,0.23776223776223776,0.002997002997002997,0.01914978561555418,True,0.18681318681318682,0.004995004995004995,0.0240465090139401,True,beam-robust retained,20277010,20277418,10
5,4_196,stress,0,smooth,300.0,multi,white,0.0001,,0.001,0.23776223776223776,0.002997002997002997,0.019150297060008967,True,0.18681318681318682,0.004995004995004995,0.024047001598358365,True,beam-robust retained,20277010,20277418,10
5,4_196,stress,0,smooth,300.0,multi,white,0.001,,0.001,0.23776223776223776,0.002997002997002997,0.01914901796305619,True,0.18681318681318682,0.005994005994005994,0.02404672709513169,True,beam-robust retained,20277010,20277418,10
5,4_196,stress,0,smooth,300.0,multi,white,0.01,,0.001,0.23576423576423577,0.002997002997002997,0.019148221999060855,True,0.1848151848151848,0.003996003996003996,0.024036259284325158,True,beam-robust retained,20277010,20277418,10
6,4_196,stress,0,smooth,1000.0,multi,smooth,0.0,0.5,0.001,0.24475524475524477,0.002997002997002997,0.06693597668848769,True,0.25074925074925075,0.001998001998001998,0.08760737589463956,True,beam-robust retained,20277044,20277452,10
6,4_196,stress,0,smooth,1000.0,multi,smooth,0.0,1.0,0.001,0.24475524475524477,0.002997002997002997,0.06693597668848769,True,0.25074925074925075,0.001998001998001998,0.08760737589463956,True,beam-robust retained,20277044,20277452,10
6,4_196,stress,0,smooth,1000.0,multi,smooth,0.0,5.0,0.001,0.24475524475524477,0.002997002997002997,0.06693597668848769,True,0.25074925074925075,0.001998001998001998,0.08760737589463956,True,beam-robust retained,20277044,20277452,10
6,4_196,stress,0,smooth,1000.0,multi,smooth,0.0001,0.5,0.001,0.24475524475524477,0.002997002997002997,0.0669372844638577,True,0.25074925074925075,0.001998001998001998,0.08760890924348007,True,beam-robust retained,20277044,20277452,10
6,4_196,stress,0,smooth,1000.0,multi,smooth,0.0001,1.0,0.001,0.24475524475524477,0.002997002997002997,0.0669351123073429,True,0.25074925074925075,0.001998001998001998,0.0876061641370156,True,beam-robust retained,20277044,20277452,10
6,4_196,stress,0,smooth,1000.0,multi,smooth,0.0001,5.0,0.001,0.24475524475524477,0.002997002997002997,0.06693201380523889,True,0.25074925074925075,0.001998001998001998,0.08760446758842631,True,beam-robust retained,20277044,20277452,10
6,4_196,stress,0,smooth,1000.0,multi,smooth,0.001,0.5,0.001,0.24475524475524477,0.002997002997002997,0.06694380662829846,True,0.25074925074925075,0.001998001998001998,0.08761918730037184,True,beam-robust retained,20277044,20277452,10
6,4_196,stress,0,smooth,1000.0,multi,smooth,0.001,1.0,0.001,0.24475524475524477,0.002997002997002997,0.06692790000504882,True,0.25074925074925075,0.001998001998001998,0.08760134127362841,True,beam-robust retained,20277044,20277452,10
6,4_196,stress,0,smooth,1000.0,multi,smooth,0.001,5.0,0.001,0.24575424575424576,0.002997002997002997,0.06693115756875302,True,0.25074925074925075,0.001998001998001998,0.08760109793696164,True,beam-robust retained,20277044,20277452,10
6,4_196,stress,0,smooth,1000.0,multi,smooth,0.01,0.5,0.001,0.23676323676323677,0.001998001998001998,0.06702039060298,True,0.24775224775224775,0.001998001998001998,0.08762210950790032,True,beam-robust retained,20277044,20277452,10
6,4_196,stress,0,smooth,1000.0,multi,smooth,0.01,1.0,0.001,0.24475524475524477,0.002997002997002997,0.06692297728499488,True,0.24675324675324675,0.001998001998001998,0.08765693479278369,True,beam-robust retained,20277044,20277452,10
6,4_196,stress,0,smooth,1000.0,multi,smooth,0.01,5.0,0.001,0.25074925074925075,0.002997002997002997,0.06677244207279469,True,0.2547452547452547,0.001998001998001998,0.08753385856035392,True,beam-robust retained,20277044,20277452,10
6,4_196,stress,0,smooth,1000.0,multi,white,0.0,,0.001,0.24475524475524477,0.002997002997002997,0.06693597668848769,True,0.25074925074925075,0.001998001998001998,0.08760737589463956,True,beam-robust retained,20277044,20277452,10
6,4_196,stress,0,smooth,1000.0,multi,white,0.0001,,0.001,0.24475524475524477,0.002997002997002997,0.06693739242690191,True,0.25074925074925075,0.001998001998001998,0.08760916146998053,True,beam-robust retained,20277044,20277452,10
6,4_196,stress,0,smooth,1000.0,multi,white,0.001,,0.001,0.24575424575424576,0.002997002997002997,0.06692695383613266,True,0.25074925074925075,0.001998001998001998,0.08760071972688258,True,beam-robust retained,20277044,20277452,10
6,4_196,stress,0,smooth,1000.0,multi,white,0.01,,0.001,0.24875124875124874,0.002997002997002997,0.06695441712173929,True,0.24675324675324675,0.001998001998001998,0.08760168674100814,True,beam-robust retained,20277044,20277452,10
7,4_196,stress,0,lines,30.0,multi,smooth,0.0,0.5,0.001,0.21478521478521478,0.006993006993006993,0.001899559079494133,True,0.16083916083916083,0.005994005994005994,0.0023739161772471655,True,beam-robust retained,20277112,20277520,10
7,4_196,stress,0,lines,30.0,multi,smooth,0.0,1.0,0.001,0.21478521478521478,0.006993006993006993,0.001899559079494133,True,0.16083916083916083,0.005994005994005994,0.0023739161772471655,True,beam-robust retained,20277112,20277520,10
7,4_196,stress,0,lines,30.0,multi,smooth,0.0,5.0,0.001,0.21478521478521478,0.006993006993006993,0.001899559079494133,True,0.16083916083916083,0.005994005994005994,0.0023739161772471655,True,beam-robust retained,20277112,20277520,10
7,4_196,stress,0,lines,30.0,multi,smooth,0.0001,0.5,0.001,0.21478521478521478,0.006993006993006993,0.001899564727506202,True,0.16083916083916083,0.005994005994005994,0.002373914278074279,True,beam-robust retained,20277112,20277520,10
7,4_196,stress,0,lines,30.0,multi,smooth,0.0001,1.0,0.001,0.21478521478521478,0.006993006993006993,0.0018995289705970731,True,0.16083916083916083,0.005994005994005994,0.0023738645713226765,True,beam-robust retained,20277112,20277520,10
7,4_196,stress,0,lines,30.0,multi,smooth,0.0001,5.0,0.001,0.21478521478521478,0.006993006993006993,0.0018996541251825455,True,0.16083916083916083,0.005994005994005994,0.0023740026590241933,True,beam-robust retained,20277112,20277520,10
7,4_196,stress,0,lines,30.0,multi,smooth,0.001,0.5,0.001,0.2137862137862138,0.006993006993006993,0.0018991962309983066,True,0.16083916083916083,0.005994005994005994,0.002373583709997896,True,beam-robust retained,20277112,20277520,10
7,4_196,stress,0,lines,30.0,multi,smooth,0.001,1.0,0.001,0.21478521478521478,0.006993006993006993,0.0018998874981639336,True,0.16083916083916083,0.005994005994005994,0.002374257122751752,True,beam-robust retained,20277112,20277520,10
7,4_196,stress,0,lines,30.0,multi,smooth,0.001,5.0,0.001,0.2137862137862138,0.006993006993006993,0.0018996108459234991,True,0.15984015984015984,0.005994005994005994,0.0023737852939318153,True,beam-robust retained,20277112,20277520,10
7,4_196,stress,0,lines,30.0,multi,smooth,0.01,0.5,0.001,0.2127872127872128,0.006993006993006993,0.0019001694386212317,True,0.16183816183816183,0.005994005994005994,0.002374455991535078,True,beam-robust retained,20277112,20277520,10
7,4_196,stress,0,lines,30.0,multi,smooth,0.01,1.0,0.001,0.2137862137862138,0.006993006993006993,0.0018966200766930192,True,0.15984015984015984,0.005994005994005994,0.0023720116426523925,True,beam-robust retained,20277112,20277520,10
7,4_196,stress,0,lines,30.0,multi,smooth,0.01,5.0,0.001,0.2137862137862138,0.006993006993006993,0.0019006217755006423,True,0.16183816183816183,0.006993006993006993,0.0023795004403386927,True,beam-robust retained,20277112,20277520,10
7,4_196,stress,0,lines,30.0,multi,white,0.0,,0.001,0.21478521478521478,0.006993006993006993,0.001899559079494133,True,0.16083916083916083,0.005994005994005994,0.0023739161772471655,True,beam-robust retained,20277112,20277520,10
7,4_196,stress,0,lines,30.0,multi,white,0.0001,,0.001,0.21478521478521478,0.006993006993006993,0.001899555530331247,True,0.16083916083916083,0.005994005994005994,0.002373910863739405,True,beam-robust retained,20277112,20277520,10
7,4_196,stress,0,lines,30.0,multi,white,0.001,,0.001,0.21478521478521478,0.006993006993006993,0.0018996998357060668,True,0.16083916083916083,0.005994005994005994,0.0023739979785515632,True,beam-robust retained,20277112,20277520,10
7,4_196,stress,0,lines,30.0,multi,white,0.01,,0.001,0.2127872127872128,0.005994005994005994,0.0019018257603254539,True,0.16183816183816183,0.004995004995004995,0.002374988758053745,True,beam-robust retained,20277112,20277520,10
8,4_196,stress,0,lines,300.0,multi,smooth,0.0,0.5,0.001,0.26073926073926074,0.002997002997002997,0.019143097310779334,True,0.18181818181818182,0.005994005994005994,0.024045761440721434,True,beam-robust retained,20277146,20277554,10
8,4_196,stress,0,lines,300.0,multi,smooth,0.0,1.0,0.001,0.26073926073926074,0.002997002997002997,0.019143097310779334,True,0.18181818181818182,0.005994005994005994,0.024045761440721434,True,beam-robust retained,20277146,20277554,10
8,4_196,stress,0,lines,300.0,multi,smooth,0.0,5.0,0.001,0.26073926073926074,0.002997002997002997,0.019143097310779334,True,0.18181818181818182,0.005994005994005994,0.024045761440721434,True,beam-robust retained,20277146,20277554,10
8,4_196,stress,0,lines,300.0,multi,smooth,0.0001,0.5,0.001,0.26073926073926074,0.002997002997002997,0.0191433782904185,True,0.18281718281718282,0.004995004995004995,0.024046131867166365,True,beam-robust retained,20277146,20277554,10
8,4_196,stress,0,lines,300.0,multi,smooth,0.0001,1.0,0.001,0.26073926073926074,0.002997002997002997,0.019143292034433337,True,0.18181818181818182,0.005994005994005994,0.02404602139523035,True,beam-robust retained,20277146,20277554,10
8,4_196,stress,0,lines,300.0,multi,smooth,0.0001,5.0,0.001,0.26073926073926074,0.002997002997002997,0.019142734851431236,True,0.18181818181818182,0.005994005994005994,0.02404535814013903,True,beam-robust retained,20277146,20277554,10
8,4_196,stress,0,lines,300.0,multi,smooth,0.001,0.5,0.001,0.26173826173826176,0.002997002997002997,0.019148399375652173,True,0.18181818181818182,0.005994005994005994,0.024051447369026126,True,beam-robust retained,20277146,20277554,10
8,4_196,stress,0,lines,300.0,multi,smooth,0.001,1.0,0.001,0.26173826173826176,0.002997002997002997,0.019146943512957246,True,0.18281718281718282,0.004995004995004995,0.02404970753203815,True,beam-robust retained,20277146,20277554,10
8,4_196,stress,0,lines,300.0,multi,smooth,0.001,5.0,0.001,0.26173826173826176,0.002997002997002997,0.01914499140404532,True,0.18281718281718282,0.004995004995004995,0.024044150267783122,True,beam-robust retained,20277146,20277554,10
8,4_196,stress,0,lines,300.0,multi,smooth,0.01,0.5,0.001,0.2597402597402597,0.002997002997002997,0.019121848901084704,True,0.18081918081918083,0.005994005994005994,0.024023337866264937,True,beam-robust retained,20277146,20277554,10
8,4_196,stress,0,lines,300.0,multi,smooth,0.01,1.0,0.001,0.2627372627372627,0.002997002997002997,0.01911580826024569,True,0.1798201798201798,0.005994005994005994,0.024022362678366584,True,beam-robust retained,20277146,20277554,10
8,4_196,stress,0,lines,300.0,multi,smooth,0.01,5.0,0.001,0.2677322677322677,0.002997002997002997,0.019101536484921525,True,0.1928071928071928,0.004995004995004995,0.02402321414198428,True,beam-robust retained,20277146,20277554,10
8,4_196,stress,0,lines,300.0,multi,white,0.0,,0.001,0.26073926073926074,0.002997002997002997,0.019143097310779334,True,0.18181818181818182,0.005994005994005994,0.024045761440721434,True,beam-robust retained,20277146,20277554,10
8,4_196,stress,0,lines,300.0,multi,white,0.0001,,0.001,0.26073926073926074,0.002997002997002997,0.019143696944539657,True,0.18281718281718282,0.004995004995004995,0.024046486554729157,True,beam-robust retained,20277146,20277554,10
8,4_196,stress,0,lines,300.0,multi,white,0.001,,0.001,0.26073926073926074,0.002997002997002997,0.019139366641246762,True,0.18281718281718282,0.005994005994005994,0.024041311545329187,True,beam-robust retained,20277146,20277554,10
8,4_196,stress,0,lines,300.0,multi,white,0.01,,0.001,0.2647352647352647,0.001998001998001998,0.01911599305940451,True,0.1878121878121878,0.004995004995004995,0.023981478677729314,True,beam-robust retained,20277146,20277554,10
9,4_196,stress,0,lines,1000.0,multi,smooth,0.0,0.5,0.001,0.23476523476523475,0.002997002997002997,0.06693412852202381,True,0.23176823176823177,0.002997002997002997,0.08759572214777932,True,beam-robust retained,20277180,20277588,10
9,4_196,stress,0,lines,1000.0,multi,smooth,0.0,1.0,0.001,0.23476523476523475,0.002997002997002997,0.06693412852202381,True,0.23176823176823177,0.002997002997002997,0.08759572214777932,True,beam-robust retained,20277180,20277588,10
9,4_196,stress,0,lines,1000.0,multi,smooth,0.0,5.0,0.001,0.23476523476523475,0.002997002997002997,0.06693412852202381,True,0.23176823176823177,0.002997002997002997,0.08759572214777932,True,beam-robust retained,20277180,20277588,10
9,4_196,stress,0,lines,1000.0,multi,smooth,0.0001,0.5,0.001,0.23476523476523475,0.002997002997002997,0.06693323268191011,True,0.23176823176823177,0.002997002997002997,0.08759491720689126,True,beam-robust retained,20277180,20277588,10
9,4_196,stress,0,lines,1000.0,multi,smooth,0.0001,1.0,0.001,0.23476523476523475,0.002997002997002997,0.06693542319205557,True,0.23176823176823177,0.002997002997002997,0.08759784612232968,True,beam-robust retained,20277180,20277588,10
9,4_196,stress,0,lines,1000.0,multi,smooth,0.0001,5.0,0.001,0.23476523476523475,0.002997002997002997,0.0669331511901659,True,0.23176823176823177,0.002997002997002997,0.08759492182728996,True,beam-robust retained,20277180,20277588,10
9,4_196,stress,0,lines,1000.0,multi,smooth,0.001,0.5,0.001,0.23576423576423577,0.002997002997002997,0.06692631570699518,True,0.23176823176823177,0.002997002997002997,0.08759030979323869,True,beam-robust retained,20277180,20277588,10
9,4_196,stress,0,lines,1000.0,multi,smooth,0.001,1.0,0.001,0.23476523476523475,0.002997002997002997,0.06693345936363418,True,0.23176823176823177,0.002997002997002997,0.08759041920758419,True,beam-robust retained,20277180,20277588,10
9,4_196,stress,0,lines,1000.0,multi,smooth,0.001,5.0,0.001,0.23576423576423577,0.002997002997002997,0.0669069628970175,True,0.23176823176823177,0.002997002997002997,0.08757907917706333,True,beam-robust retained,20277180,20277588,10
9,4_196,stress,0,lines,1000.0,multi,smooth,0.01,0.5,0.001,0.23176823176823177,0.002997002997002997,0.06692853667409256,True,0.22977022977022976,0.002997002997002997,0.0876012045136167,True,beam-robust retained,20277180,20277588,10
9,4_196,stress,0,lines,1000.0,multi,smooth,0.01,1.0,0.001,0.23876123876123875,0.002997002997002997,0.06692523089524517,True,0.22977022977022976,0.002997002997002997,0.08761924581991534,True,beam-robust retained,20277180,20277588,10
9,4_196,stress,0,lines,1000.0,multi,smooth,0.01,5.0,0.001,0.23676323676323677,0.002997002997002997,0.06692693865964891,True,0.23176823176823177,0.002997002997002997,0.08753364681740038,True,beam-robust retained,20277180,20277588,10
9,4_196,stress,0,lines,1000.0,multi,white,0.0,,0.001,0.23476523476523475,0.002997002997002997,0.06693412852202381,True,0.23176823176823177,0.002997002997002997,0.08759572214777932,True,beam-robust retained,20277180,20277588,10
9,4_196,stress,0,lines,1000.0,multi,white,0.0001,,0.001,0.23476523476523475,0.002997002997002997,0.06693511755229245,True,0.23176823176823177,0.002997002997002997,0.08759673856155789,True,beam-robust retained,20277180,20277588,10
9,4_196,stress,0,lines,1000.0,multi,white,0.001,,0.001,0.23576423576423577,0.002997002997002997,0.06693927734124377,True,0.23176823176823177,0.002997002997002997,0.08760302119323707,True,beam-robust retained,20277180,20277588,10
9,4_196,stress,0,lines,1000.0,multi,white,0.01,,0.001,0.23976023976023977,0.002997002997002997,0.06685851099709676,True,0.23876123876123875,0.002997002997002997,0.08751568759479406,True,beam-robust retained,20277180,20277588,10
10,4_196,stress,0,khz_comb,300.0,multi,smooth,0.0,0.5,0.001,0.3076923076923077,0.005994005994005994,0.01743749461123843,True,0.26373626373626374,0.005994005994005994,0.020832893494252512,True,beam-robust retained,20277282,20277690,10
10,4_196,stress,0,khz_comb,300.0,multi,smooth,0.0,1.0,0.001,0.3076923076923077,0.005994005994005994,0.01743749461123843,True,0.26373626373626374,0.005994005994005994,0.020832893494252512,True,beam-robust retained,20277282,20277690,10
10,4_196,stress,0,khz_comb,300.0,multi,smooth,0.0,5.0,0.001,0.3076923076923077,0.005994005994005994,0.01743749461123843,True,0.26373626373626374,0.005994005994005994,0.020832893494252512,True,beam-robust retained,20277282,20277690,10
10,4_196,stress,0,khz_comb,300.0,multi,smooth,0.0001,0.5,0.001,0.3076923076923077,0.005994005994005994,0.017437325117921548,True,0.26373626373626374,0.005994005994005994,0.020832847453246452,True,beam-robust retained,20277282,20277690,10
10,4_196,stress,0,khz_comb,300.0,multi,smooth,0.0001,1.0,0.001,0.3076923076923077,0.005994005994005994,0.017437949444238453,True,0.26373626373626374,0.005994005994005994,0.020833374952726125,True,beam-robust retained,20277282,20277690,10
10,4_196,stress,0,khz_comb,300.0,multi,smooth,0.0001,5.0,0.001,0.3076923076923077,0.005994005994005994,0.01743714793260292,True,0.26373626373626374,0.005994005994005994,0.020832610410523884,True,beam-robust retained,20277282,20277690,10
10,4_196,stress,0,khz_comb,300.0,multi,smooth,0.001,0.5,0.001,0.3076923076923077,0.005994005994005994,0.017437237663278385,True,0.26373626373626374,0.005994005994005994,0.020831720044258012,True,beam-robust retained,20277282,20277690,10
10,4_196,stress,0,khz_comb,300.0,multi,smooth,0.001,1.0,0.001,0.3076923076923077,0.005994005994005994,0.01743286730908037,True,0.26373626373626374,0.005994005994005994,0.020828514828253063,True,beam-robust retained,20277282,20277690,10
10,4_196,stress,0,khz_comb,300.0,multi,smooth,0.001,5.0,0.001,0.3076923076923077,0.005994005994005994,0.01744337562310378,True,0.26373626373626374,0.005994005994005994,0.02083884871595143,True,beam-robust retained,20277282,20277690,10
10,4_196,stress,0,khz_comb,300.0,multi,smooth,0.01,0.5,0.001,0.3046953046953047,0.005994005994005994,0.0174202500863758,True,0.25874125874125875,0.005994005994005994,0.020813841824752887,True,beam-robust retained,20277282,20277690,10
10,4_196,stress,0,khz_comb,300.0,multi,smooth,0.01,1.0,0.001,0.2957042957042957,0.005994005994005994,0.017412162743032516,True,0.26373626373626374,0.005994005994005994,0.02080737202272659,True,beam-robust retained,20277282,20277690,10
10,4_196,stress,0,khz_comb,300.0,multi,smooth,0.01,5.0,0.001,0.2937062937062937,0.005994005994005994,0.017509821672846006,True,0.2647352647352647,0.005994005994005994,0.02087971885192931,True,beam-robust retained,20277282,20277690,10
10,4_196,stress,0,khz_comb,300.0,multi,white,0.0,,0.001,0.3076923076923077,0.005994005994005994,0.01743749461123843,True,0.26373626373626374,0.005994005994005994,0.020832893494252512,True,beam-robust retained,20277282,20277690,10
10,4_196,stress,0,khz_comb,300.0,multi,white,0.0001,,0.001,0.3076923076923077,0.005994005994005994,0.017437434543370982,True,0.26373626373626374,0.005994005994005994,0.02083280054128833,True,beam-robust retained,20277282,20277690,10
10,4_196,stress,0,khz_comb,300.0,multi,white,0.001,,0.001,0.3076923076923077,0.005994005994005994,0.01743805602556117,True,0.26373626373626374,0.005994005994005994,0.020833182846233127,True,beam-robust retained,20277282,20277690,10
10,4_196,stress,0,khz_comb,300.0,multi,white,0.01,,0.001,0.3006993006993007,0.005994005994005994,0.017428074782100136,True,0.2547452547452547,0.005994005994005994,0.020848239809829795,True,beam-robust retained,20277282,20277690,10
11,4_196,stress,0,khz_comb,1000.0,multi,smooth,0.0,0.5,0.001,0.2987012987012987,0.004995004995004995,0.06074324783785221,True,0.2917082917082917,0.003996003996003996,0.07439291548695472,True,beam-robust retained,20277316,20277724,10
11,4_196,stress,0,khz_comb,1000.0,multi,smooth,0.0,1.0,0.001,0.2987012987012987,0.004995004995004995,0.06074324783785221,True,0.2917082917082917,0.003996003996003996,0.07439291548695472,True,beam-robust retained,20277316,20277724,10
11,4_196,stress,0,khz_comb,1000.0,multi,smooth,0.0,5.0,0.001,0.2987012987012987,0.004995004995004995,0.06074324783785221,True,0.2917082917082917,0.003996003996003996,0.07439291548695472,True,beam-robust retained,20277316,20277724,10
11,4_196,stress,0,khz_comb,1000.0,multi,smooth,0.0001,0.5,0.001,0.2987012987012987,0.004995004995004995,0.06074222053678613,True,0.2907092907092907,0.003996003996003996,0.0743918773432292,True,beam-robust retained,20277316,20277724,10
11,4_196,stress,0,khz_comb,1000.0,multi,smooth,0.0001,1.0,0.001,0.2987012987012987,0.004995004995004995,0.06074580677358622,True,0.2907092907092907,0.003996003996003996,0.07439573946012963,True,beam-robust retained,20277316,20277724,10
11,4_196,stress,0,khz_comb,1000.0,multi,smooth,0.0001,5.0,0.001,0.2987012987012987,0.004995004995004995,0.06074318697991828,True,0.2917082917082917,0.003996003996003996,0.0743923179117074,True,beam-robust retained,20277316,20277724,10
11,4_196,stress,0,khz_comb,1000.0,multi,smooth,0.001,0.5,0.001,0.2987012987012987,0.004995004995004995,0.060756045017913214,True,0.2917082917082917,0.003996003996003996,0.07440400310557932,True,beam-robust retained,20277316,20277724,10
11,4_196,stress,0,khz_comb,1000.0,multi,smooth,0.001,1.0,0.001,0.2987012987012987,0.004995004995004995,0.06074458680162376,True,0.2897102897102897,0.003996003996003996,0.07438982750982444,True,beam-robust retained,20277316,20277724,10
11,4_196,stress,0,khz_comb,1000.0,multi,smooth,0.001,5.0,0.001,0.2987012987012987,0.004995004995004995,0.060743247488357924,True,0.2897102897102897,0.003996003996003996,0.07438877027396609,True,beam-robust retained,20277316,20277724,10
11,4_196,stress,0,khz_comb,1000.0,multi,smooth,0.01,0.5,0.001,0.29270729270729273,0.004995004995004995,0.060715574597343135,True,0.2887112887112887,0.003996003996003996,0.0743797972650344,True,beam-robust retained,20277316,20277724,10
11,4_196,stress,0,khz_comb,1000.0,multi,smooth,0.01,1.0,0.001,0.2967032967032967,0.004995004995004995,0.06062125495939091,True,0.28771228771228774,0.003996003996003996,0.07422958435020544,True,beam-robust retained,20277316,20277724,10
11,4_196,stress,0,khz_comb,1000.0,multi,smooth,0.01,5.0,0.001,0.2987012987012987,0.003996003996003996,0.06113484176765086,True,0.2977022977022977,0.003996003996003996,0.07479194490328091,True,beam-robust retained,20277316,20277724,10
11,4_196,stress,0,khz_comb,1000.0,multi,white,0.0,,0.001,0.2987012987012987,0.004995004995004995,0.06074324783785221,True,0.2917082917082917,0.003996003996003996,0.07439291548695472,True,beam-robust retained,20277316,20277724,10
11,4_196,stress,0,khz_comb,1000.0,multi,white,0.0001,,0.001,0.2987012987012987,0.004995004995004995,0.060743200160811014,True,0.2917082917082917,0.003996003996003996,0.07439258187595255,True,beam-robust retained,20277316,20277724,10
11,4_196,stress,0,khz_comb,1000.0,multi,white,0.001,,0.001,0.2987012987012987,0.004995004995004995,0.06073996618531197,True,0.29270729270729273,0.003996003996003996,0.07439119049314499,True,beam-robust retained,20277316,20277724,10
11,4_196,stress,0,khz_comb,1000.0,multi,white,0.01,,0.001,0.3086913086913087,0.004995004995004995,0.060750720698982935,True,0.2967032967032967,0.003996003996003996,0.07440375701093269,True,beam-robust retained,20277316,20277724,10
