case,baseline_id,lst_stratum,lst_bin_id,beam,paired_beam,morphology,flux_jy,multiplicity,residual_model,sigma_cal,ell_nu_mhz,cal_seed,PTE_max_1000,B_rel,PTE_absint_1000,paired_PTE_max_1000,paired_B_rel,paired_PTE_absint_1000,final_class
1,82_0,typical,18,frozen_polybeam,full_polybeam,khz_comb,1000.0,multi,white,0.01,,1,0.003996003996003996,0.026929404562797413,0.000999000999000999,0.01098901098901099,0.02475540578680951,0.10789210789210789,beam-sensitive candidate
1,82_0,typical,18,frozen_polybeam,full_polybeam,khz_comb,1000.0,multi,white,0.01,,2,0.003996003996003996,0.026836701717774678,0.000999000999000999,0.011988011988011988,0.02468018525550468,0.1068931068931069,beam-sensitive candidate
1,82_0,typical,18,frozen_polybeam,full_polybeam,khz_comb,1000.0,multi,white,0.01,,3,0.003996003996003996,0.026789385735094207,0.000999000999000999,0.011988011988011988,0.024636941511842193,0.1068931068931069,beam-sensitive candidate
1,82_0,typical,18,frozen_polybeam,full_polybeam,khz_comb,1000.0,multi,white,0.01,,4,0.003996003996003996,0.026823969047158794,0.000999000999000999,0.012987012987012988,0.02466623903724479,0.10789210789210789,beam-sensitive candidate
1,82_0,typical,18,frozen_polybeam,full_polybeam,khz_comb,1000.0,multi,white,0.01,,5,0.003996003996003996,0.026766630226012274,0.000999000999000999,0.011988011988011988,0.024623581347245786,0.10789210789210789,beam-sensitive candidate
1,82_0,typical,18,frozen_polybeam,full_polybeam,khz_comb,1000.0,multi,white,0.01,,6,0.003996003996003996,0.026789997494454286,0.000999000999000999,0.011988011988011988,0.024640736482282957,0.1088911088911089,beam-sensitive candidate
1,82_0,typical,18,frozen_polybeam,full_polybeam,khz_comb,1000.0,multi,white,0.01,,7,0.003996003996003996,0.026873391444993327,0.000999000999000999,0.013986013986013986,0.02472075421437867,0.1048951048951049,beam-sensitive candidate
1,82_0,typical,18,frozen_polybeam,full_polybeam,khz_comb,1000.0,multi,white,0.01,,8,0.003996003996003996,0.02690560943235003,0.000999000999000999,0.011988011988011988,0.02480941720333946,0.1048951048951049,beam-sensitive candidate
1,82_0,typical,18,frozen_polybeam,full_polybeam,khz_comb,1000.0,multi,white,0.01,,9,0.003996003996003996,0.026634902778344786,0.000999000999000999,0.011988011988011988,0.02449581739925013,0.1088911088911089,beam-sensitive candidate
1,82_0,typical,18,frozen_polybeam,full_polybeam,khz_comb,1000.0,multi,white,0.01,,10,0.003996003996003996,0.026799151624835937,0.000999000999000999,0.011988011988011988,0.024663563029414175,0.10589410589410589,beam-sensitive candidate
1,82_0,typical,18,frozen_polybeam,full_polybeam,khz_comb,1000.0,multi,smooth,0.01,1.0,1,0.003996003996003996,0.026894853692643467,0.000999000999000999,0.011988011988011988,0.024711071000347116,0.10789210789210789,beam-sensitive candidate
1,82_0,typical,18,frozen_polybeam,full_polybeam,khz_comb,1000.0,multi,smooth,0.01,1.0,2,0.003996003996003996,0.02697662698378354,0.000999000999000999,0.011988011988011988,0.024813938117005843,0.1068931068931069,beam-sensitive candidate
1,82_0,typical,18,frozen_polybeam,full_polybeam,khz_comb,1000.0,multi,smooth,0.01,1.0,3,0.003996003996003996,0.026715284952116253,0.000999000999000999,0.012987012987012988,0.024568315784437526,0.10789210789210789,beam-sensitive candidate
1,82_0,typical,18,frozen_polybeam,full_polybeam,khz_comb,1000.0,multi,smooth,0.01,1.0,4,0.003996003996003996,0.026862073245569804,0.000999000999000999,0.011988011988011988,0.024685872491072843,0.1068931068931069,beam-sensitive candidate
1,82_0,typical,18,frozen_polybeam,full_polybeam,khz_comb,1000.0,multi,smooth,0.01,1.0,5,0.003996003996003996,0.02676585877570393,0.000999000999000999,0.011988011988011988,0.024672200765487498,0.1088911088911089,beam-sensitive candidate
1,82_0,typical,18,frozen_polybeam,full_polybeam,khz_comb,1000.0,multi,smooth,0.01,1.0,6,0.003996003996003996,0.02672322611355574,0.000999000999000999,0.012987012987012988,0.02460592586675913,0.1068931068931069,beam-sensitive candidate
1,82_0,typical,18,frozen_polybeam,full_polybeam,khz_comb,1000.0,multi,smooth,0.01,1.0,7,0.003996003996003996,0.026936272405179887,0.000999000999000999,0.012987012987012988,0.024750443156734414,0.1068931068931069,beam-sensitive candidate
1,82_0,typical,18,frozen_polybeam,full_polybeam,khz_comb,1000.0,multi,smooth,0.01,1.0,8,0.003996003996003996,0.02694685246034085,0.000999000999000999,0.011988011988011988,0.024781966644177048,0.10589410589410589,beam-sensitive candidate
1,82_0,typical,18,frozen_polybeam,full_polybeam,khz_comb,1000.0,multi,smooth,0.01,1.0,9,0.003996003996003996,0.02683558011928161,0.000999000999000999,0.011988011988011988,0.024657220919102673,0.10789210789210789,beam-sensitive candidate
1,82_0,typical,18,frozen_polybeam,full_polybeam,khz_comb,1000.0,multi,smooth,0.01,1.0,10,0.003996003996003996,0.0268083464141508,0.000999000999000999,0.013986013986013986,0.024665324791689786,0.1068931068931069,beam-sensitive candidate
2,23_80,stress,0,frozen_polybeam,full_polybeam,smooth,1000.0,multi,white,0.01,,1,0.01898101898101898,0.028788045193776774,0.03696303696303696,0.08791208791208792,0.034756279218033516,0.03396603396603397,local-only QA candidate
2,23_80,stress,0,frozen_polybeam,full_polybeam,smooth,1000.0,multi,white,0.01,,2,0.00999000999000999,0.028737907010489276,0.03896103896103896,0.08391608391608392,0.03468737252180443,0.03396603396603397,window-integrated candidate
2,23_80,stress,0,frozen_polybeam,full_polybeam,smooth,1000.0,multi,white,0.01,,3,0.011988011988011988,0.02874466784818796,0.03896103896103896,0.08091908091908091,0.03467542821929178,0.03596403596403597,local-only QA candidate
2,23_80,stress,0,frozen_polybeam,full_polybeam,smooth,1000.0,multi,white,0.01,,4,0.011988011988011988,0.02878848325420399,0.03796203796203796,0.06993006993006994,0.03473876214526948,0.03296703296703297,local-only QA candidate
2,23_80,stress,0,frozen_polybeam,full_polybeam,smooth,1000.0,multi,white,0.01,,5,0.011988011988011988,0.028714682509061704,0.03896103896103896,0.08291708291708291,0.034631504415664253,0.03696303696303696,local-only QA candidate
2,23_80,stress,0,frozen_polybeam,full_polybeam,smooth,1000.0,multi,white,0.01,,6,0.01998001998001998,0.028782657164726812,0.03796203796203796,0.07992007992007992,0.03479404148657901,0.03196803196803197,local-only QA candidate
2,23_80,stress,0,frozen_polybeam,full_polybeam,smooth,1000.0,multi,white,0.01,,7,0.017982017982017984,0.02873281394495928,0.03896103896103896,0.08891108891108891,0.03467501802617382,0.03596403596403597,local-only QA candidate
2,23_80,stress,0,frozen_polybeam,full_polybeam,smooth,1000.0,multi,white,0.01,,8,0.022977022977022976,0.028727829519961407,0.03896103896103896,0.08291708291708291,0.03465821682150897,0.03396603396603397,local-only QA candidate
2,23_80,stress,0,frozen_polybeam,full_polybeam,smooth,1000.0,multi,white,0.01,,9,0.00999000999000999,0.028768990292375216,0.03896103896103896,0.08091908091908091,0.034719924568587274,0.03396603396603397,window-integrated candidate
2,23_80,stress,0,frozen_polybeam,full_polybeam,smooth,1000.0,multi,white,0.01,,10,0.01898101898101898,0.028770153494947156,0.03796203796203796,0.08591408591408592,0.034691825713461605,0.03496503496503497,local-only QA candidate
2,23_80,stress,0,frozen_polybeam,full_polybeam,smooth,1000.0,multi,smooth,0.01,1.0,1,0.017982017982017984,0.0286588559447945,0.03796203796203796,0.08291708291708291,0.034603138987043564,0.03296703296703297,local-only QA candidate
2,23_80,stress,0,frozen_polybeam,full_polybeam,smooth,1000.0,multi,smooth,0.01,1.0,2,0.01898101898101898,0.02880089133642461,0.03896103896103896,0.07992007992007992,0.03471346025800613,0.03596403596403597,local-only QA candidate
2,23_80,stress,0,frozen_polybeam,full_polybeam,smooth,1000.0,multi,smooth,0.01,1.0,3,0.01998001998001998,0.02878524954075168,0.03796203796203796,0.08391608391608392,0.034716314922040664,0.03396603396603397,local-only QA candidate
2,23_80,stress,0,frozen_polybeam,full_polybeam,smooth,1000.0,multi,smooth,0.01,1.0,4,0.017982017982017984,0.02891150551587931,0.03896103896103896,0.08091908091908091,0.034830426320220126,0.03596403596403597,local-only QA candidate
2,23_80,stress,0,frozen_polybeam,full_polybeam,smooth,1000.0,multi,smooth,0.01,1.0,5,0.016983016983016984,0.028762616721229168,0.03896103896103896,0.08291708291708291,0.03469026858535953,0.03596403596403597,local-only QA candidate
2,23_80,stress,0,frozen_polybeam,full_polybeam,smooth,1000.0,multi,smooth,0.01,1.0,6,0.016983016983016984,0.028667997526577567,0.03796203796203796,0.08591408591408592,0.03460751092549012,0.03296703296703297,local-only QA candidate
2,23_80,stress,0,frozen_polybeam,full_polybeam,smooth,1000.0,multi,smooth,0.01,1.0,7,0.017982017982017984,0.02877640164148343,0.03896103896103896,0.08391608391608392,0.034702298969671586,0.03396603396603397,local-only QA candidate
2,23_80,stress,0,frozen_polybeam,full_polybeam,smooth,1000.0,multi,smooth,0.01,1.0,8,0.017982017982017984,0.028788445900087292,0.03896103896103896,0.07592407592407592,0.03472172982366624,0.03396603396603397,local-only QA candidate
2,23_80,stress,0,frozen_polybeam,full_polybeam,smooth,1000.0,multi,smooth,0.01,1.0,9,0.01998001998001998,0.028803781561747958,0.03796203796203796,0.07992007992007992,0.034731136514593676,0.03296703296703297,local-only QA candidate
2,23_80,stress,0,frozen_polybeam,full_polybeam,smooth,1000.0,multi,smooth,0.01,1.0,10,0.01998001998001998,0.02875119225450428,0.03796203796203796,0.07992007992007992,0.03468424093289949,0.03296703296703297,local-only QA candidate
3,0_1,typical,44,frozen_polybeam,full_polybeam,khz_comb,1000.0,single,white,0.01,,1,0.003996003996003996,0.030358796980804494,0.4955044955044955,0.003996003996003996,0.03488945075536496,0.5794205794205795,window-integrated candidate
3,0_1,typical,44,frozen_polybeam,full_polybeam,khz_comb,1000.0,single,white,0.01,,2,0.005994005994005994,0.03035071556254997,0.4935064935064935,0.004995004995004995,0.03488515041328481,0.5784215784215784,window-integrated candidate
3,0_1,typical,44,frozen_polybeam,full_polybeam,khz_comb,1000.0,single,white,0.01,,3,0.000999000999000999,0.030336228084917014,0.4955044955044955,0.001998001998001998,0.034854938528817506,0.5784215784215784,window-integrated candidate
3,0_1,typical,44,frozen_polybeam,full_polybeam,khz_comb,1000.0,single,white,0.01,,4,0.002997002997002997,0.03035634461128669,0.4965034965034965,0.002997002997002997,0.03487268373367948,0.5774225774225774,window-integrated candidate
3,0_1,typical,44,frozen_polybeam,full_polybeam,khz_comb,1000.0,single,white,0.01,,5,0.000999000999000999,0.03033911511363544,0.5014985014985015,0.002997002997002997,0.03486810733189501,0.5814185814185814,window-integrated candidate
3,0_1,typical,44,frozen_polybeam,full_polybeam,khz_comb,1000.0,single,white,0.01,,6,0.002997002997002997,0.03035463343705795,0.4955044955044955,0.003996003996003996,0.034887114914686934,0.5784215784215784,window-integrated candidate
3,0_1,typical,44,frozen_polybeam,full_polybeam,khz_comb,1000.0,single,white,0.01,,7,0.002997002997002997,0.03035087065788931,0.4945054945054945,0.003996003996003996,0.03487534465515912,0.5754245754245755,window-integrated candidate
3,0_1,typical,44,frozen_polybeam,full_polybeam,khz_comb,1000.0,single,white,0.01,,8,0.003996003996003996,0.03036578146559111,0.4935064935064935,0.003996003996003996,0.03488876950308676,0.5774225774225774,window-integrated candidate
3,0_1,typical,44,frozen_polybeam,full_polybeam,khz_comb,1000.0,single,white,0.01,,9,0.002997002997002997,0.030326201342171063,0.4985014985014985,0.002997002997002997,0.034860027666651354,0.5764235764235764,window-integrated candidate
3,0_1,typical,44,frozen_polybeam,full_polybeam,khz_comb,1000.0,single,white,0.01,,10,0.000999000999000999,0.030352007575727837,0.4985014985014985,0.001998001998001998,0.03488081175427928,0.5784215784215784,window-integrated candidate
3,0_1,typical,44,frozen_polybeam,full_polybeam,khz_comb,1000.0,single,smooth,0.01,1.0,1,0.005994005994005994,0.030367439738565066,0.5114885114885115,0.003996003996003996,0.03490720669627255,0.5784215784215784,window-integrated candidate
3,0_1,typical,44,frozen_polybeam,full_polybeam,khz_comb,1000.0,single,smooth,0.01,1.0,2,0.007992007992007992,0.030364295306913914,0.4975024975024975,0.005994005994005994,0.03491014303855065,0.5714285714285714,window-integrated candidate
3,0_1,typical,44,frozen_polybeam,full_polybeam,khz_comb,1000.0,single,smooth,0.01,1.0,3,0.002997002997002997,0.030395767658755662,0.5044955044955045,0.000999000999000999,0.03490638036367212,0.5794205794205795,window-integrated candidate
3,0_1,typical,44,frozen_polybeam,full_polybeam,khz_comb,1000.0,single,smooth,0.01,1.0,4,0.000999000999000999,0.03036279022848869,0.4955044955044955,0.002997002997002997,0.03487846225116377,0.5804195804195804,window-integrated candidate
3,0_1,typical,44,frozen_polybeam,full_polybeam,khz_comb,1000.0,single,smooth,0.01,1.0,5,0.001998001998001998,0.030297073585915334,0.5034965034965035,0.000999000999000999,0.034833971158185074,0.5804195804195804,window-integrated candidate
3,0_1,typical,44,frozen_polybeam,full_polybeam,khz_comb,1000.0,single,smooth,0.01,1.0,6,0.002997002997002997,0.030438157617412327,0.4945054945054945,0.002997002997002997,0.03500190619216912,0.5764235764235764,window-integrated candidate
3,0_1,typical,44,frozen_polybeam,full_polybeam,khz_comb,1000.0,single,smooth,0.01,1.0,7,0.002997002997002997,0.030398392949509037,0.5014985014985015,0.002997002997002997,0.0349247799841928,0.5784215784215784,window-integrated candidate
3,0_1,typical,44,frozen_polybeam,full_polybeam,khz_comb,1000.0,single,smooth,0.01,1.0,8,0.005994005994005994,0.030440572020965926,0.4985014985014985,0.004995004995004995,0.03498030668957689,0.5744255744255744,window-integrated candidate
3,0_1,typical,44,frozen_polybeam,full_polybeam,khz_comb,1000.0,single,smooth,0.01,1.0,9,0.000999000999000999,0.030347288831957742,0.4945054945054945,0.001998001998001998,0.03487985606823774,0.5874125874125874,window-integrated candidate
3,0_1,typical,44,frozen_polybeam,full_polybeam,khz_comb,1000.0,single,smooth,0.01,1.0,10,0.002997002997002997,0.030401972059483258,0.5034965034965035,0.000999000999000999,0.034939772152074125,0.5804195804195804,window-integrated candidate
4,0_1,typical,44,frozen_polybeam,full_polybeam,smooth,1000.0,single,white,0.01,,1,0.001998001998001998,0.031250205706249645,0.5154845154845155,0.006993006993006993,0.039800517151991455,0.4985014985014985,window-integrated candidate
4,0_1,typical,44,frozen_polybeam,full_polybeam,smooth,1000.0,single,white,0.01,,2,0.001998001998001998,0.031246985703880775,0.5174825174825175,0.006993006993006993,0.03979270055692424,0.5004995004995005,window-integrated candidate
4,0_1,typical,44,frozen_polybeam,full_polybeam,smooth,1000.0,single,white,0.01,,3,0.001998001998001998,0.031227900969682906,0.5174825174825175,0.006993006993006993,0.03975966497085363,0.5004995004995005,window-integrated candidate
4,0_1,typical,44,frozen_polybeam,full_polybeam,smooth,1000.0,single,white,0.01,,4,0.001998001998001998,0.031231197365876703,0.5154845154845155,0.006993006993006993,0.03977461630526514,0.5004995004995005,window-integrated candidate
4,0_1,typical,44,frozen_polybeam,full_polybeam,smooth,1000.0,single,white,0.01,,5,0.001998001998001998,0.03128725286364192,0.5154845154845155,0.006993006993006993,0.03982828276819326,0.5014985014985015,window-integrated candidate
4,0_1,typical,44,frozen_polybeam,full_polybeam,smooth,1000.0,single,white,0.01,,6,0.001998001998001998,0.03127219175134923,0.5154845154845155,0.006993006993006993,0.03982184562986662,0.4985014985014985,window-integrated candidate
4,0_1,typical,44,frozen_polybeam,full_polybeam,smooth,1000.0,single,white,0.01,,7,0.001998001998001998,0.03129132989197593,0.5164835164835165,0.006993006993006993,0.039838692352223926,0.4985014985014985,window-integrated candidate
4,0_1,typical,44,frozen_polybeam,full_polybeam,smooth,1000.0,single,white,0.01,,8,0.001998001998001998,0.031279906772340965,0.5164835164835165,0.006993006993006993,0.039842060714019314,0.4985014985014985,window-integrated candidate
4,0_1,typical,44,frozen_polybeam,full_polybeam,smooth,1000.0,single,white,0.01,,9,0.001998001998001998,0.03129363137337292,0.5154845154845155,0.006993006993006993,0.03987162488596915,0.4985014985014985,window-integrated candidate
4,0_1,typical,44,frozen_polybeam,full_polybeam,smooth,1000.0,single,white,0.01,,10,0.001998001998001998,0.03127196714656844,0.5174825174825175,0.006993006993006993,0.03981713254166312,0.4985014985014985,window-integrated candidate
4,0_1,typical,44,frozen_polybeam,full_polybeam,smooth,1000.0,single,smooth,0.01,1.0,1,0.004995004995004995,0.031286901275237096,0.5154845154845155,0.006993006993006993,0.03983153433282872,0.4995004995004995,window-integrated candidate
4,0_1,typical,44,frozen_polybeam,full_polybeam,smooth,1000.0,single,smooth,0.01,1.0,2,0.001998001998001998,0.031129765501337548,0.5164835164835165,0.006993006993006993,0.03965320256073464,0.5084915084915085,window-integrated candidate
4,0_1,typical,44,frozen_polybeam,full_polybeam,smooth,1000.0,single,smooth,0.01,1.0,3,0.004995004995004995,0.031134801573599526,0.5194805194805194,0.006993006993006993,0.03965081027672392,0.5034965034965035,window-integrated candidate
4,0_1,typical,44,frozen_polybeam,full_polybeam,smooth,1000.0,single,smooth,0.01,1.0,4,0.000999000999000999,0.031211377242976335,0.5154845154845155,0.006993006993006993,0.039781212337658856,0.4985014985014985,window-integrated candidate
4,0_1,typical,44,frozen_polybeam,full_polybeam,smooth,1000.0,single,smooth,0.01,1.0,5,0.001998001998001998,0.031313312886865396,0.5164835164835165,0.006993006993006993,0.039872270793184554,0.4995004995004995,window-integrated candidate
4,0_1,typical,44,frozen_polybeam,full_polybeam,smooth,1000.0,single,smooth,0.01,1.0,6,0.003996003996003996,0.0312891684342274,0.5154845154845155,0.006993006993006993,0.03982571517975769,0.4985014985014985,window-integrated candidate
4,0_1,typical,44,frozen_polybeam,full_polybeam,smooth,1000.0,single,smooth,0.01,1.0,7,0.004995004995004995,0.0313021000560062,0.5174825174825175,0.006993006993006993,0.03984972349840801,0.4955044955044955,window-integrated candidate
4,0_1,typical,44,frozen_polybeam,full_polybeam,smooth,1000.0,single,smooth,0.01,1.0,8,0.001998001998001998,0.03122876697614538,0.5164835164835165,0.006993006993006993,0.03977662598336593,0.4985014985014985,window-integrated candidate
4,0_1,typical,44,frozen_polybeam,full_polybeam,smooth,1000.0,single,smooth,0.01,1.0,9,0.001998001998001998,0.03135594647836881,0.5124875124875125,0.006993006993006993,0.039959352827521846,0.4955044955044955,window-integrated candidate
4,0_1,typical,44,frozen_polybeam,full_polybeam,smooth,1000.0,single,smooth,0.01,1.0,10,0.002997002997002997,0.03127992974206582,0.5164835164835165,0.006993006993006993,0.03980401891700122,0.4995004995004995,window-integrated candidate
5,0_1,typical,44,full_polybeam,frozen_polybeam,khz_comb,1000.0,single,white,0.01,,1,0.003996003996003996,0.03487002429692683,0.5784215784215784,0.004995004995004995,0.030344742301339506,0.4985014985014985,window-integrated candidate
5,0_1,typical,44,full_polybeam,frozen_polybeam,khz_comb,1000.0,single,white,0.01,,2,0.002997002997002997,0.03485995560102738,0.5774225774225774,0.002997002997002997,0.030336124994101744,0.4945054945054945,window-integrated candidate
5,0_1,typical,44,full_polybeam,frozen_polybeam,khz_comb,1000.0,single,white,0.01,,3,0.002997002997002997,0.034887765855661404,0.5774225774225774,0.001998001998001998,0.030358559803991828,0.4965034965034965,window-integrated candidate
5,0_1,typical,44,full_polybeam,frozen_polybeam,khz_comb,1000.0,single,white,0.01,,4,0.002997002997002997,0.03491551522185427,0.5774225774225774,0.002997002997002997,0.03038892147779166,0.4945054945054945,window-integrated candidate
5,0_1,typical,44,full_polybeam,frozen_polybeam,khz_comb,1000.0,single,white,0.01,,5,0.002997002997002997,0.03488374484122906,0.5774225774225774,0.002997002997002997,0.030356468006640484,0.4925074925074925,window-integrated candidate
5,0_1,typical,44,full_polybeam,frozen_polybeam,khz_comb,1000.0,single,white,0.01,,6,0.003996003996003996,0.034851410345308954,0.5764235764235764,0.005994005994005994,0.030330591335384138,0.4945054945054945,window-integrated candidate
5,0_1,typical,44,full_polybeam,frozen_polybeam,khz_comb,1000.0,single,white,0.01,,7,0.002997002997002997,0.03490516901306472,0.5764235764235764,0.000999000999000999,0.030364504931101204,0.5064935064935064,window-integrated candidate
5,0_1,typical,44,full_polybeam,frozen_polybeam,khz_comb,1000.0,single,white,0.01,,8,0.002997002997002997,0.0348668007629329,0.5794205794205795,0.000999000999000999,0.030339997073683598,0.4925074925074925,window-integrated candidate
5,0_1,typical,44,full_polybeam,frozen_polybeam,khz_comb,1000.0,single,white,0.01,,9,0.003996003996003996,0.03488260952102054,0.5754245754245755,0.002997002997002997,0.030343303636724585,0.4945054945054945,window-integrated candidate
5,0_1,typical,44,full_polybeam,frozen_polybeam,khz_comb,1000.0,single,white,0.01,,10,0.002997002997002997,0.03483703240130072,0.5774225774225774,0.002997002997002997,0.030299492295277987,0.4925074925074925,window-integrated candidate
5,0_1,typical,44,full_polybeam,frozen_polybeam,khz_comb,1000.0,single,smooth,0.01,1.0,1,0.003996003996003996,0.034853062425633595,0.5814185814185814,0.004995004995004995,0.030327524633863786,0.4945054945054945,window-integrated candidate
5,0_1,typical,44,full_polybeam,frozen_polybeam,khz_comb,1000.0,single,smooth,0.01,1.0,2,0.003996003996003996,0.03479491102787634,0.5794205794205795,0.004995004995004995,0.03028961576233306,0.4945054945054945,window-integrated candidate
5,0_1,typical,44,full_polybeam,frozen_polybeam,khz_comb,1000.0,single,smooth,0.01,1.0,3,0.001998001998001998,0.03487018427537846,0.5794205794205795,0.000999000999000999,0.030361170370633617,0.4955044955044955,window-integrated candidate
5,0_1,typical,44,full_polybeam,frozen_polybeam,khz_comb,1000.0,single,smooth,0.01,1.0,4,0.002997002997002997,0.0349383013025913,0.5824175824175825,0.001998001998001998,0.030399857191752085,0.4965034965034965,window-integrated candidate
5,0_1,typical,44,full_polybeam,frozen_polybeam,khz_comb,1000.0,single,smooth,0.01,1.0,5,0.002997002997002997,0.03487485600747569,0.5804195804195804,0.002997002997002997,0.03033799308320322,0.5024975024975025,window-integrated candidate
5,0_1,typical,44,full_polybeam,frozen_polybeam,khz_comb,1000.0,single,smooth,0.01,1.0,6,0.004995004995004995,0.03486776339500948,0.5724275724275725,0.005994005994005994,0.030344468243063947,0.5004995004995005,window-integrated candidate
5,0_1,typical,44,full_polybeam,frozen_polybeam,khz_comb,1000.0,single,smooth,0.01,1.0,7,0.000999000999000999,0.03490672102506253,0.5774225774225774,0.001998001998001998,0.030361671714006166,0.4955044955044955,window-integrated candidate
5,0_1,typical,44,full_polybeam,frozen_polybeam,khz_comb,1000.0,single,smooth,0.01,1.0,8,0.001998001998001998,0.034886271391414085,0.5794205794205795,0.000999000999000999,0.030341951150720466,0.5024975024975025,window-integrated candidate
5,0_1,typical,44,full_polybeam,frozen_polybeam,khz_comb,1000.0,single,smooth,0.01,1.0,9,0.003996003996003996,0.034862289679041474,0.5784215784215784,0.003996003996003996,0.030326385308025203,0.4975024975024975,window-integrated candidate
5,0_1,typical,44,full_polybeam,frozen_polybeam,khz_comb,1000.0,single,smooth,0.01,1.0,10,0.001998001998001998,0.03476267462252294,0.5734265734265734,0.000999000999000999,0.03024024349267465,0.4905094905094905,window-integrated candidate
