baseline_id,baseline_class,lst_stratum,lst_bin_id,sat_rank,norad_id,sat_name,epoch,freq_mhz,peak_alt_deg,mean_alt_visible_deg,n_time_visible,doppler_min_hz,doppler_max_hz,doppler_abs_max_hz,doppler_span_hz,doppler_abs_max_khz,doppler_span_khz,fraction_of_48p8khz_spacing,fraction_of_12p2khz_linewidth
0_1,short,quiet,17,1,46168,SAT-46168-E26001.00003472,26001.00003472,150.0,83.2290292216474,76.61374736970596,5,-1020.6260457274509,1036.6777235432492,1036.6777235432492,2057.3037692707003,1.0366777235432492,2.0573037692707,0.02124339597424691,0.08497358389698764
0_1,short,quiet,17,2,47826,SAT-47826-E26001.52824829,26001.52824829,150.0,73.75688275630966,72.82735473480648,3,-389.09747455923895,415.38717372138433,415.38717372138433,804.4846482806233,0.41538717372138434,0.8044846482806234,0.008512032248389024,0.034048128993556095
0_1,short,typical,44,1,46146,SAT-46146-E26001.71208310,26001.71208310,150.0,86.58801156902221,79.29365457026981,6,-1015.4825214347412,1002.5682515251493,1015.4825214347412,2018.0507729598905,1.0154825214347412,2.0180507729598904,0.02080906806218732,0.08323627224874929
0_1,short,typical,44,2,46484,SAT-46484-E26001.60114006,26001.60114006,150.0,71.23009826271361,70.67167389262477,2,-34.58133762994331,400.08984985791574,400.08984985791574,434.6711874878591,0.40008984985791574,0.43467118748785905,0.008198562497088438,0.03279424998835375
0_1,short,typical,44,3,48165,SAT-48165-E26001.13184342,26001.13184342,150.0,70.05229272645082,70.05229272645082,1,-155.20142582841007,-155.20142582841007,155.20142582841007,0.0,0.15520142582841007,0.0,0.003180357086647747,0.012721428346590988
0_1,short,stress,0,1,46696,SAT-46696-E26001.00003472,26001.00003472,150.0,86.61659354435372,80.62094422858915,4,-894.0740217705511,742.6665137295333,894.0740217705511,1636.7405355000844,0.8940740217705511,1.6367405355000844,0.018321188970708013,0.07328475588283205
0_1,short,stress,0,2,48029,SAT-48029-E26001.15965029,26001.15965029,150.0,85.10376826151555,79.60637395586066,5,-902.1129403576266,729.2583002725264,902.1129403576266,1631.371240630153,0.9021129403576266,1.6313712406301528,0.018485920908967758,0.07394368363587103
0_1,short,stress,0,3,44725,SAT-44725-E26001.60793575,26001.60793575,150.0,84.15168638094258,79.02850166418537,5,-860.8845718776031,769.2234936057982,860.8845718776031,1630.1080654834013,0.8608845718776031,1.6301080654834013,0.017641077292573835,0.07056430917029534
0_1,short,stress,0,4,46687,SAT-46687-E26001.59635556,26001.59635556,150.0,73.7079505041063,72.30809952335672,3,-641.2314523617189,387.24271486930104,641.2314523617189,1028.47416723102,0.6412314523617189,1.0284741672310198,0.013139988777904076,0.052559955111616305
0_197,mid,quiet,22,1,45217,SAT-45217-E26001.17853548,26001.17853548,150.0,81.3054871930738,76.19429979732143,3,-1022.1349458708977,-441.81883392506444,1022.1349458708977,580.3161119458332,1.0221349458708977,0.5803161119458332,0.02094538823505938,0.08378155294023752
0_197,mid,quiet,22,2,47392,SAT-47392-E26001.18361338,26001.18361338,150.0,72.96229376612406,72.08404796281197,3,-499.1896127544372,305.21993499361815,499.1896127544372,804.4095477480553,0.4991896127544372,0.8044095477480553,0.01022929534332863,0.04091718137331452
0_197,mid,quiet,22,3,47391,SAT-47391-E26001.18266838,26001.18266838,150.0,70.43941167943609,70.43941167943609,1,-4.663090498269893,-4.663090498269893,4.663090498269893,0.0,0.004663090498269893,0.0,9.555513316126831e-05,0.00038222053264507324
0_197,mid,typical,36,1,49397,SAT-49397-E26001.08431385,26001.08431385,150.0,85.35075922238096,78.68000072439885,5,-1047.4545000938729,899.3805891290598,1047.4545000938729,1946.8350892229328,1.0474545000938729,1.9468350892229327,0.021464231559300672,0.08585692623720269
0_197,mid,typical,36,2,44316,SAT-44316-E26001.12779510,26001.12779510,150.0,84.09810175370265,78.57296869389616,5,-1076.8324444815582,712.4028584170212,1076.8324444815582,1789.2353028985794,1.0768324444815582,1.7892353028985795,0.022066238616425374,0.0882649544657015
0_197,mid,typical,36,3,45660,SAT-45660-E26001.01635941,26001.01635941,150.0,79.53480445830796,75.90514713695369,5,-905.6223091960903,710.0191457066035,905.6223091960903,1615.6414549026938,0.9056223091960903,1.6156414549026938,0.018557834204837916,0.07423133681935166
0_197,mid,typical,36,4,47357,SAT-47357-E26001.27671991,26001.27671991,150.0,78.14686756410107,76.28663661141842,4,-606.1344221159003,615.3734164523945,615.3734164523945,1221.5078385682948,0.6153734164523945,1.2215078385682947,0.012610110992876936,0.050440443971507744
0_197,mid,stress,0,1,46696,SAT-46696-E26001.00003472,26001.00003472,150.0,86.61659354435372,80.62094422858915,4,-894.0740217705511,742.6665137295333,894.0740217705511,1636.7405355000844,0.8940740217705511,1.6367405355000844,0.018321188970708013,0.07328475588283205
0_197,mid,stress,0,2,48029,SAT-48029-E26001.15965029,26001.15965029,150.0,85.10376826151555,79.60637395586066,5,-902.1129403576266,729.2583002725264,902.1129403576266,1631.371240630153,0.9021129403576266,1.6313712406301528,0.018485920908967758,0.07394368363587103
0_197,mid,stress,0,3,44725,SAT-44725-E26001.60793575,26001.60793575,150.0,84.15168638094258,79.02850166418537,5,-860.8845718776031,769.2234936057982,860.8845718776031,1630.1080654834013,0.8608845718776031,1.6301080654834013,0.017641077292573835,0.07056430917029534
0_197,mid,stress,0,4,46687,SAT-46687-E26001.59635556,26001.59635556,150.0,73.7079505041063,72.30809952335672,3,-641.2314523617189,387.24271486930104,641.2314523617189,1028.47416723102,0.6412314523617189,1.0284741672310198,0.013139988777904076,0.052559955111616305
11_10,mid,quiet,16,1,46128,SAT-46128-E26001.00003472,26001.00003472,150.0,79.67344584883477,77.46980185095053,3,-527.423885980604,528.5238135395073,528.5238135395073,1055.9476995201112,0.5285238135395073,1.0559476995201111,0.010830406015153837,0.04332162406061535
11_10,mid,quiet,16,2,44537,SAT-44537-E26001.18720146,26001.18720146,150.0,70.72924967769764,70.72924967769764,1,-93.52733680041642,-93.52733680041642,93.52733680041642,0.0,0.09352733680041642,0.0,0.001916543786893779,0.007666175147575116
11_10,mid,typical,44,1,46146,SAT-46146-E26001.71208310,26001.71208310,150.0,86.58801156902221,79.29365457026981,6,-1015.4825214347412,1002.5682515251493,1015.4825214347412,2018.0507729598905,1.0154825214347412,2.0180507729598904,0.02080906806218732,0.08323627224874929
11_10,mid,typical,44,2,46484,SAT-46484-E26001.60114006,26001.60114006,150.0,71.23009826271361,70.67167389262477,2,-34.58133762994331,400.08984985791574,400.08984985791574,434.6711874878591,0.40008984985791574,0.43467118748785905,0.008198562497088438,0.03279424998835375
11_10,mid,typical,44,3,48165,SAT-48165-E26001.13184342,26001.13184342,150.0,70.05229272645082,70.05229272645082,1,-155.20142582841007,-155.20142582841007,155.20142582841007,0.0,0.15520142582841007,0.0,0.003180357086647747,0.012721428346590988
11_10,mid,stress,64,1,46538,SAT-46538-E26001.21851690,26001.21851690,150.0,89.63690995091079,78.4966853621566,5,-1124.8273364956756,1090.0610557312305,1124.8273364956756,2214.888392226906,1.1248273364956756,2.2148883922269063,0.023049740501960566,0.09219896200784226
11_10,mid,stress,64,2,45222,SAT-45222-E26001.12140841,26001.12140841,150.0,81.7023614745384,76.54799797828525,6,-996.2423681194604,1009.0785456993575,1009.0785456993575,2005.3209138188179,1.0090785456993574,2.0053209138188177,0.020677839051216344,0.08271135620486537
157_146,mid,quiet,16,1,46128,SAT-46128-E26001.00003472,26001.00003472,150.0,79.67344584883477,77.46980185095053,3,-527.423885980604,528.5238135395073,528.5238135395073,1055.9476995201112,0.5285238135395073,1.0559476995201111,0.010830406015153837,0.04332162406061535
157_146,mid,quiet,16,2,44537,SAT-44537-E26001.18720146,26001.18720146,150.0,70.72924967769764,70.72924967769764,1,-93.52733680041642,-93.52733680041642,93.52733680041642,0.0,0.09352733680041642,0.0,0.001916543786893779,0.007666175147575116
157_146,mid,typical,46,1,46912,SAT-46912-E26001.21508270,26001.21508270,150.0,84.67288036288143,77.6485367304038,6,-1092.806883699059,1085.8876551755695,1092.806883699059,2178.6945388746285,1.092806883699059,2.1786945388746286,0.022393583682357766,0.08957433472943106
157_146,mid,typical,46,2,48310,SAT-48310-E26001.08592961,26001.08592961,150.0,82.73907220527241,78.21700484736674,5,-706.1620983247335,921.3805919252346,921.3805919252346,1627.542690249968,0.9213805919252346,1.6275426902499681,0.018880749834533497,0.07552299933813399
157_146,mid,typical,46,3,48311,SAT-48311-E26001.28129776,26001.28129776,150.0,72.61057915004984,71.74941926056115,3,-338.26603957826205,465.4008292259699,465.4008292259699,803.666868804232,0.4654008292259699,0.803666868804232,0.009536902238237088,0.03814760895294835
157_146,mid,typical,46,4,45570,SAT-45570-E26001.08086501,26001.08086501,150.0,72.4104293004152,71.56448021464637,3,-341.8721805079201,457.16868730731466,457.16868730731466,799.0408678152348,0.45716868730731464,0.7990408678152349,0.00936821080547776,0.03747284322191104
157_146,mid,typical,46,5,46292,SAT-46292-E26001.15633377,26001.15633377,150.0,72.34373335341994,72.30695127508784,2,-299.34571656914545,255.10858437904145,299.34571656914545,554.4543009481869,0.29934571656914544,0.5544543009481868,0.00613413353625298,0.02453653414501192
157_146,mid,typical,46,6,49261,SAT-49261-E26001.15461052,26001.15461052,150.0,71.53778194808001,71.07436982997172,2,-397.24765659971763,111.8490437388998,397.24765659971763,509.09670033861744,0.3972476565997176,0.5090967003386174,0.008140320831961426,0.032561283327845705
157_146,mid,stress,0,1,46696,SAT-46696-E26001.00003472,26001.00003472,150.0,86.61659354435372,80.62094422858915,4,-894.0740217705511,742.6665137295333,894.0740217705511,1636.7405355000844,0.8940740217705511,1.6367405355000844,0.018321188970708013,0.07328475588283205
157_146,mid,stress,0,2,48029,SAT-48029-E26001.15965029,26001.15965029,150.0,85.10376826151555,79.60637395586066,5,-902.1129403576266,729.2583002725264,902.1129403576266,1631.371240630153,0.9021129403576266,1.6313712406301528,0.018485920908967758,0.07394368363587103
157_146,mid,stress,0,3,44725,SAT-44725-E26001.60793575,26001.60793575,150.0,84.15168638094258,79.02850166418537,5,-860.8845718776031,769.2234936057982,860.8845718776031,1630.1080654834013,0.8608845718776031,1.6301080654834013,0.017641077292573835,0.07056430917029534
157_146,mid,stress,0,4,46687,SAT-46687-E26001.59635556,26001.59635556,150.0,73.7079505041063,72.30809952335672,3,-641.2314523617189,387.24271486930104,641.2314523617189,1028.47416723102,0.6412314523617189,1.0284741672310198,0.013139988777904076,0.052559955111616305
159_76,mid,quiet,22,1,45217,SAT-45217-E26001.17853548,26001.17853548,150.0,81.3054871930738,76.19429979732143,3,-1022.1349458708977,-441.81883392506444,1022.1349458708977,580.3161119458332,1.0221349458708977,0.5803161119458332,0.02094538823505938,0.08378155294023752
159_76,mid,quiet,22,2,47392,SAT-47392-E26001.18361338,26001.18361338,150.0,72.96229376612406,72.08404796281197,3,-499.1896127544372,305.21993499361815,499.1896127544372,804.4095477480553,0.4991896127544372,0.8044095477480553,0.01022929534332863,0.04091718137331452
159_76,mid,quiet,22,3,47391,SAT-47391-E26001.18266838,26001.18266838,150.0,70.43941167943609,70.43941167943609,1,-4.663090498269893,-4.663090498269893,4.663090498269893,0.0,0.004663090498269893,0.0,9.555513316126831e-05,0.00038222053264507324
159_76,mid,typical,44,1,46146,SAT-46146-E26001.71208310,26001.71208310,150.0,86.58801156902221,79.29365457026981,6,-1015.4825214347412,1002.5682515251493,1015.4825214347412,2018.0507729598905,1.0154825214347412,2.0180507729598904,0.02080906806218732,0.08323627224874929
159_76,mid,typical,44,2,46484,SAT-46484-E26001.60114006,26001.60114006,150.0,71.23009826271361,70.67167389262477,2,-34.58133762994331,400.08984985791574,400.08984985791574,434.6711874878591,0.40008984985791574,0.43467118748785905,0.008198562497088438,0.03279424998835375
159_76,mid,typical,44,3,48165,SAT-48165-E26001.13184342,26001.13184342,150.0,70.05229272645082,70.05229272645082,1,-155.20142582841007,-155.20142582841007,155.20142582841007,0.0,0.15520142582841007,0.0,0.003180357086647747,0.012721428346590988
159_76,mid,stress,0,1,46696,SAT-46696-E26001.00003472,26001.00003472,150.0,86.61659354435372,80.62094422858915,4,-894.0740217705511,742.6665137295333,894.0740217705511,1636.7405355000844,0.8940740217705511,1.6367405355000844,0.018321188970708013,0.07328475588283205
159_76,mid,stress,0,2,48029,SAT-48029-E26001.15965029,26001.15965029,150.0,85.10376826151555,79.60637395586066,5,-902.1129403576266,729.2583002725264,902.1129403576266,1631.371240630153,0.9021129403576266,1.6313712406301528,0.018485920908967758,0.07394368363587103
159_76,mid,stress,0,3,44725,SAT-44725-E26001.60793575,26001.60793575,150.0,84.15168638094258,79.02850166418537,5,-860.8845718776031,769.2234936057982,860.8845718776031,1630.1080654834013,0.8608845718776031,1.6301080654834013,0.017641077292573835,0.07056430917029534
159_76,mid,stress,0,4,46687,SAT-46687-E26001.59635556,26001.59635556,150.0,73.7079505041063,72.30809952335672,3,-641.2314523617189,387.24271486930104,641.2314523617189,1028.47416723102,0.6412314523617189,1.0284741672310198,0.013139988777904076,0.052559955111616305
23_80,long,quiet,48,1,46066,SAT-46066-E26001.09836954,26001.09836954,150.0,79.45305118035263,75.81149111827352,5,-857.7220172532418,759.2154906335294,857.7220172532418,1616.937507886771,0.8577220172532418,1.6169375078867712,0.017576270845353317,0.07030508338141327
23_80,long,quiet,48,2,47487,SAT-47487-E26001.11079543,26001.11079543,150.0,74.12258150924349,74.12258150924349,1,819.9303523183913,819.9303523183913,819.9303523183913,0.0,0.8199303523183913,0.0,0.01680185148193425,0.067207405927737
23_80,long,typical,44,1,46146,SAT-46146-E26001.71208310,26001.71208310,150.0,86.58801156902221,79.29365457026981,6,-1015.4825214347412,1002.5682515251493,1015.4825214347412,2018.0507729598905,1.0154825214347412,2.0180507729598904,0.02080906806218732,0.08323627224874929
23_80,long,typical,44,2,46484,SAT-46484-E26001.60114006,26001.60114006,150.0,71.23009826271361,70.67167389262477,2,-34.58133762994331,400.08984985791574,400.08984985791574,434.6711874878591,0.40008984985791574,0.43467118748785905,0.008198562497088438,0.03279424998835375
23_80,long,typical,44,3,48165,SAT-48165-E26001.13184342,26001.13184342,150.0,70.05229272645082,70.05229272645082,1,-155.20142582841007,-155.20142582841007,155.20142582841007,0.0,0.15520142582841007,0.0,0.003180357086647747,0.012721428346590988
23_80,long,stress,0,1,46696,SAT-46696-E26001.00003472,26001.00003472,150.0,86.61659354435372,80.62094422858915,4,-894.0740217705511,742.6665137295333,894.0740217705511,1636.7405355000844,0.8940740217705511,1.6367405355000844,0.018321188970708013,0.07328475588283205
23_80,long,stress,0,2,48029,SAT-48029-E26001.15965029,26001.15965029,150.0,85.10376826151555,79.60637395586066,5,-902.1129403576266,729.2583002725264,902.1129403576266,1631.371240630153,0.9021129403576266,1.6313712406301528,0.018485920908967758,0.07394368363587103
23_80,long,stress,0,3,44725,SAT-44725-E26001.60793575,26001.60793575,150.0,84.15168638094258,79.02850166418537,5,-860.8845718776031,769.2234936057982,860.8845718776031,1630.1080654834013,0.8608845718776031,1.6301080654834013,0.017641077292573835,0.07056430917029534
23_80,long,stress,0,4,46687,SAT-46687-E26001.59635556,26001.59635556,150.0,73.7079505041063,72.30809952335672,3,-641.2314523617189,387.24271486930104,641.2314523617189,1028.47416723102,0.6412314523617189,1.0284741672310198,0.013139988777904076,0.052559955111616305
4_196,long,quiet,48,1,46066,SAT-46066-E26001.09836954,26001.09836954,150.0,79.45305118035263,75.81149111827352,5,-857.7220172532418,759.2154906335294,857.7220172532418,1616.937507886771,0.8577220172532418,1.6169375078867712,0.017576270845353317,0.07030508338141327
4_196,long,quiet,48,2,47487,SAT-47487-E26001.11079543,26001.11079543,150.0,74.12258150924349,74.12258150924349,1,819.9303523183913,819.9303523183913,819.9303523183913,0.0,0.8199303523183913,0.0,0.01680185148193425,0.067207405927737
4_196,long,typical,53,1,45540,SAT-45540-E26001.52868854,26001.52868854,150.0,84.99757630420329,78.50480498542672,6,-1026.6900614945866,986.9112356693397,1026.6900614945866,2013.6012971639263,1.0266900614945866,2.0136012971639263,0.021038730768331692,0.08415492307332677
4_196,long,typical,53,2,49131,SAT-49131-E26001.19831864,26001.19831864,150.0,84.20193791340341,78.28039406917509,6,-1013.9596881421111,976.7209472835029,1013.9596881421111,1990.6806354256141,1.0139596881421111,1.9906806354256141,0.020777862461928507,0.08311144984771403
4_196,long,typical,53,3,48408,SAT-48408-E26001.97332446,26001.97332446,150.0,72.81205438093203,71.54536624483998,4,-591.3930509594064,603.3982771762594,603.3982771762594,1194.791328135666,0.6033982771762594,1.194791328135666,0.01236471879459548,0.04945887517838192
4_196,long,stress,0,1,46696,SAT-46696-E26001.00003472,26001.00003472,150.0,86.61659354435372,80.62094422858915,4,-894.0740217705511,742.6665137295333,894.0740217705511,1636.7405355000844,0.8940740217705511,1.6367405355000844,0.018321188970708013,0.07328475588283205
4_196,long,stress,0,2,48029,SAT-48029-E26001.15965029,26001.15965029,150.0,85.10376826151555,79.60637395586066,5,-902.1129403576266,729.2583002725264,902.1129403576266,1631.371240630153,0.9021129403576266,1.6313712406301528,0.018485920908967758,0.07394368363587103
4_196,long,stress,0,3,44725,SAT-44725-E26001.60793575,26001.60793575,150.0,84.15168638094258,79.02850166418537,5,-860.8845718776031,769.2234936057982,860.8845718776031,1630.1080654834013,0.8608845718776031,1.6301080654834013,0.017641077292573835,0.07056430917029534
4_196,long,stress,0,4,46687,SAT-46687-E26001.59635556,26001.59635556,150.0,73.7079505041063,72.30809952335672,3,-641.2314523617189,387.24271486930104,641.2314523617189,1028.47416723102,0.6412314523617189,1.0284741672310198,0.013139988777904076,0.052559955111616305
4_76,mid,quiet,17,1,46168,SAT-46168-E26001.00003472,26001.00003472,150.0,83.2290292216474,76.61374736970596,5,-1020.6260457274509,1036.6777235432492,1036.6777235432492,2057.3037692707003,1.0366777235432492,2.0573037692707,0.02124339597424691,0.08497358389698764
4_76,mid,quiet,17,2,47826,SAT-47826-E26001.52824829,26001.52824829,150.0,73.75688275630966,72.82735473480648,3,-389.09747455923895,415.38717372138433,415.38717372138433,804.4846482806233,0.41538717372138434,0.8044846482806234,0.008512032248389024,0.034048128993556095
4_76,mid,typical,33,1,48424,SAT-48424-E26001.19048234,26001.19048234,150.0,83.83364563261215,78.1266241625545,6,-948.2712727179535,961.589130170857,961.589130170857,1909.8604028888103,0.9615891301708569,1.9098604028888102,0.019704695290386414,0.07881878116154566
4_76,mid,typical,33,2,44451,SAT-44451-E26001.17894081,26001.17894081,150.0,82.53677988377483,78.24712051309083,5,-804.6535974948472,737.1428883925984,804.6535974948472,1541.7964858874457,0.8046535974948472,1.5417964858874458,0.016488803227353428,0.06595521290941371
4_76,mid,typical,33,3,45686,SAT-45686-E26001.19420889,26001.19420889,150.0,82.2588899716668,77.86338774992768,5,-904.4020943521354,717.9251967119275,904.4020943521354,1622.3272910640628,0.9044020943521354,1.622327291064063,0.018532829802297854,0.07413131920919142
4_76,mid,typical,33,4,48290,SAT-48290-E26001.00003472,26001.00003472,150.0,81.74994230465758,77.55959226948092,3,-1156.5473766213383,433.0497550312641,1156.5473766213383,1589.5971316526025,1.1565473766213383,1.5895971316526025,0.023699741324207754,0.09479896529683102
4_76,mid,typical,33,5,48412,SAT-48412-E26001.04176526,26001.04176526,150.0,73.70875201426482,72.78938635634337,3,-476.7047987135877,327.20167950943267,476.7047987135877,803.9064782230204,0.47670479871358773,0.8039064782230204,0.00976854095724565,0.0390741638289826
4_76,mid,stress,0,1,46696,SAT-46696-E26001.00003472,26001.00003472,150.0,86.61659354435372,80.62094422858915,4,-894.0740217705511,742.6665137295333,894.0740217705511,1636.7405355000844,0.8940740217705511,1.6367405355000844,0.018321188970708013,0.07328475588283205
4_76,mid,stress,0,2,48029,SAT-48029-E26001.15965029,26001.15965029,150.0,85.10376826151555,79.60637395586066,5,-902.1129403576266,729.2583002725264,902.1129403576266,1631.371240630153,0.9021129403576266,1.6313712406301528,0.018485920908967758,0.07394368363587103
4_76,mid,stress,0,3,44725,SAT-44725-E26001.60793575,26001.60793575,150.0,84.15168638094258,79.02850166418537,5,-860.8845718776031,769.2234936057982,860.8845718776031,1630.1080654834013,0.8608845718776031,1.6301080654834013,0.017641077292573835,0.07056430917029534
4_76,mid,stress,0,4,46687,SAT-46687-E26001.59635556,26001.59635556,150.0,73.7079505041063,72.30809952335672,3,-641.2314523617189,387.24271486930104,641.2314523617189,1028.47416723102,0.6412314523617189,1.0284741672310198,0.013139988777904076,0.052559955111616305
82_0,mid,quiet,17,1,46168,SAT-46168-E26001.00003472,26001.00003472,150.0,83.2290292216474,76.61374736970596,5,-1020.6260457274509,1036.6777235432492,1036.6777235432492,2057.3037692707003,1.0366777235432492,2.0573037692707,0.02124339597424691,0.08497358389698764
82_0,mid,quiet,17,2,47826,SAT-47826-E26001.52824829,26001.52824829,150.0,73.75688275630966,72.82735473480648,3,-389.09747455923895,415.38717372138433,415.38717372138433,804.4846482806233,0.41538717372138434,0.8044846482806234,0.008512032248389024,0.034048128993556095
82_0,mid,typical,18,1,47817,SAT-47817-E26001.80100212,26001.80100212,150.0,84.1276612632686,78.04232781003235,6,-1005.5561248454333,1008.000001275334,1008.000001275334,2013.5561261207672,1.0080000012753338,2.013556126120767,0.020655737731051924,0.0826229509242077
82_0,mid,typical,18,2,47825,SAT-47825-E26001.53194725,26001.53194725,150.0,83.60176787854083,77.39646476764413,6,-1061.3170172054909,944.3101004329151,1061.3170172054909,2005.627117638406,1.0613170172054909,2.0056271176384057,0.021748299532899404,0.08699319813159762
82_0,mid,typical,18,3,44933,SAT-44933-E26001.00003472,26001.00003472,150.0,78.89559264601145,75.54360767350154,3,-841.0827436809549,584.815153436739,841.0827436809549,1425.897897117694,0.8410827436809549,1.4258978971176939,0.01723530212460973,0.06894120849843892
82_0,mid,typical,18,4,46505,SAT-46505-E26001.22239213,26001.22239213,150.0,72.43396144595525,71.71072912307554,2,-476.5468789970636,65.92558926899984,476.5468789970636,542.4724682660634,0.47654687899706355,0.5424724682660634,0.00976530489748081,0.03906121958992324
82_0,mid,stress,64,1,46538,SAT-46538-E26001.21851690,26001.21851690,150.0,89.63690995091079,78.4966853621566,5,-1124.8273364956756,1090.0610557312305,1124.8273364956756,2214.888392226906,1.1248273364956756,2.2148883922269063,0.023049740501960566,0.09219896200784226
82_0,mid,stress,64,2,45222,SAT-45222-E26001.12140841,26001.12140841,150.0,81.7023614745384,76.54799797828525,6,-996.2423681194604,1009.0785456993575,1009.0785456993575,2005.3209138188179,1.0090785456993574,2.0053209138188177,0.020677839051216344,0.08271135620486537
