baseline_id,lst_stratum,lst_bin_id,morphology,flux_jy,multiplicity,candidate_statistical__frozen_polybeam,candidate_statistical__full_polybeam,PTE_global_absint__frozen_polybeam,PTE_global_absint__full_polybeam,PTE_global_max__frozen_polybeam,PTE_global_max__full_polybeam,Z_PS_max__frozen_polybeam,Z_PS_max__full_polybeam,relative_abs_bias__frozen_polybeam,relative_abs_bias__full_polybeam,delta_Z_PS_max,delta_PTE_global_absint,delta_PTE_global_max,delta_relative_abs_bias,frozen_only_candidate,full_only_candidate
0_1,quiet,17,khz_comb,30.0,multi,False,False,0.7029702970297029,0.8316831683168316,0.4851485148514851,0.7326732673267327,0.0582989744686701,-0.655149702215103,3.0165735627560843e-05,2.8672765491509105e-05,-0.7134486766837731,0.12871287128712872,0.24752475247524758,-1.4929701360517385e-06,False,False
0_1,quiet,17,khz_comb,30.0,single,False,False,0.4455445544554455,0.4059405940594059,0.1881188118811881,0.0891089108910891,0.7503783409324793,0.797962960168069,8.279295728182622e-06,9.05763434888764e-06,0.047584619235589654,-0.039603960396039584,-0.09900990099009899,7.783386207050183e-07,False,False
0_1,quiet,17,khz_comb,1000.0,multi,False,False,0.7029702970297029,0.8514851485148515,0.5544554455445545,0.7326732673267327,-0.0600056681887422,-0.633092421933666,0.0010052982972439,0.0009562028802989,-0.5730867537449238,0.14851485148514854,0.17821782178217815,-4.9095416944999986e-05,False,False
0_1,quiet,17,khz_comb,1000.0,single,False,False,0.5544554455445545,0.4752475247524752,0.099009900990099,0.0594059405940594,0.8334702559558089,1.1301812180818889,0.0002759892000641,0.0003039504892596,0.29671096212607995,-0.07920792079207928,-0.0396039603960396,2.7961289195500025e-05,False,False
0_1,quiet,17,lines,30.0,multi,False,False,0.6633663366336634,0.7623762376237624,0.4851485148514851,0.6831683168316832,0.0764807540446542,-0.4309874482791815,3.495346687406e-05,3.416933576295632e-05,-0.5074682023238357,0.09900990099009899,0.19801980198019814,-7.841311111036748e-07,False,False
0_1,quiet,17,lines,30.0,single,False,False,0.3762376237623762,0.3267326732673267,0.1485148514851485,0.1287128712871287,0.9559982650470192,0.9324541960079518,9.35386087137352e-06,1.0551009979056584e-05,-0.023544069039067472,-0.04950495049504949,-0.01980198019801982,1.197149107683063e-06,False,False
0_1,quiet,17,lines,1000.0,multi,False,False,0.6138613861386139,0.8910891089108911,0.4752475247524752,0.7821782178217822,0.0830182511417496,-0.5889397192196707,0.0011639023340669,0.0011379982286345,-0.6719579703614202,0.27722772277227725,0.306930693069307,-2.5904105432399994e-05,False,False
0_1,quiet,17,lines,1000.0,single,False,False,0.4257425742574257,0.4752475247524752,0.1386138613861386,0.1188118811881188,0.8130656669689569,0.6982096154959343,0.0003116079425256,0.0003547397413126,-0.11485605147302258,0.04950495049504955,-0.019801980198019792,4.3131798786999996e-05,False,False
0_1,quiet,17,smooth,30.0,multi,False,False,0.5841584158415841,0.8514851485148515,0.5643564356435643,0.7722772277227723,-0.1373562616825614,-0.6279388700873484,3.495533894613182e-05,3.417677356735349e-05,-0.49058260840478696,0.26732673267326734,0.207920792079208,-7.785653787783318e-07,False,False
0_1,quiet,17,smooth,30.0,single,False,False,0.4158415841584158,0.5148514851485149,0.2376237623762376,0.1683168316831683,0.5799812192439254,0.6402956578889822,9.35558146820412e-06,1.0556849385238116e-05,0.06031443864505681,0.09900990099009904,-0.06930693069306931,1.201267917033996e-06,False,False
0_1,quiet,17,smooth,1000.0,multi,False,False,0.5841584158415841,0.8712871287128713,0.4257425742574257,0.6633663366336634,0.169353086052836,-0.4768391170576432,0.0011639260820762,0.0011383312223176,-0.6461922031104792,0.28712871287128716,0.23762376237623772,-2.5594859758600128e-05,False,False
0_1,quiet,17,smooth,1000.0,single,False,False,0.5148514851485149,0.5247524752475248,0.2178217821782178,0.1386138613861386,0.7290972083561372,0.7234810679629023,0.0003116366834159,0.0003548048768079,-0.005616140393234881,0.00990099009900991,-0.0792079207920792,4.316819339200001e-05,False,False
0_1,stress,0,khz_comb,30.0,multi,False,False,0.0099009900990099,0.0099009900990099,0.1782178217821782,0.3168316831683168,0.8412851870570108,0.451167537140507,0.0010700960951364,0.0011340015175141,-0.39011764991650383,0.0,0.13861386138613857,6.390542237770004e-05,False,False
0_1,stress,0,khz_comb,30.0,single,False,False,0.4851485148514851,0.3861386138613861,0.9801980198019802,0.9801980198019802,-1.5904069439086217,-1.7878590918932398,0.0003708280618939,0.0003935175802101,-0.19745214798461808,-0.09900990099009899,0.0,2.2689518316199963e-05,False,False
0_1,stress,0,khz_comb,1000.0,multi,False,False,0.0198019801980198,0.0792079207920792,0.2178217821782178,0.2475247524752475,1.171776877919648,0.6262406089487843,0.0385884094816526,0.047879261788065,-0.5455362689708637,0.059405940594059396,0.0297029702970297,0.009290852306412405,False,False
0_1,stress,0,khz_comb,1000.0,single,False,False,0.1584158415841584,0.1584158415841584,0.9603960396039604,0.9603960396039604,-1.597082113358295,-1.3533181387660616,0.0129117556220935,0.0146942365719888,0.24376397459223353,0.0,0.0,0.001782480949895299,False,False
0_1,stress,0,lines,30.0,multi,False,False,0.0099009900990099,0.0396039603960396,0.2277227722772277,0.396039603960396,0.8578457333264556,0.4415230847790838,0.0012075498147377,0.0013088699096311,-0.41632264854737183,0.029702970297029698,0.1683168316831683,0.00010132009489340001,False,False
0_1,stress,0,lines,30.0,single,False,False,0.3762376237623762,0.396039603960396,0.9603960396039604,0.9603960396039604,-1.4167132277878989,-1.85379045627881,0.0004170192866878,0.0004478064947655,-0.437077228490911,0.01980198019801982,0.0,3.078720807769998e-05,False,False
0_1,stress,0,lines,1000.0,multi,False,False,0.0198019801980198,0.0792079207920792,0.2178217821782178,0.2574257425742574,0.9565386284309848,0.6200576391101926,0.0446423293935178,0.0597055882302349,-0.3364809893207922,0.059405940594059396,0.039603960396039584,0.015063258836717094,False,False
0_1,stress,0,lines,1000.0,single,False,False,0.099009900990099,0.1287128712871287,0.9306930693069309,0.8910891089108911,-1.2454887695491204,-0.9156989454471888,0.0147144349123665,0.0175066118304936,0.3297898241019316,0.029702970297029688,-0.03960396039603975,0.002792176918127099,False,False
0_1,stress,0,smooth,30.0,multi,False,False,0.0198019801980198,0.0297029702970297,0.2673267326732673,0.3861386138613861,0.6251735772362443,0.4298011755594584,0.0012080211867724,0.001309611275358,-0.19537240167678593,0.009900990099009903,0.1188118811881188,0.00010159008858560015,False,False
0_1,stress,0,smooth,30.0,single,False,False,0.4356435643564356,0.4851485148514851,0.9702970297029704,0.9504950495049505,-1.5498499206638052,-2.002735610808416,0.0004170989451021,0.0004479126831272,-0.45288569014461055,0.04950495049504949,-0.01980198019801993,3.0813738025099995e-05,False,False
0_1,stress,0,smooth,1000.0,multi,False,False,0.0198019801980198,0.0495049504950495,0.3069306930693069,0.2475247524752475,0.5476953520640264,0.5847773477916618,0.0446486423653132,0.0597280066515306,0.037081995727635375,0.0297029702970297,-0.05940594059405943,0.015079364286217402,False,False
0_1,stress,0,smooth,1000.0,single,False,False,0.1287128712871287,0.1782178217821782,0.9207920792079208,0.9108910891089108,-1.070030491344337,-1.0354940693710746,0.0147160379910509,0.0175065579705557,0.034536421973262454,0.04950495049504952,-0.00990099009901002,0.0027905199795048,False,False
0_1,typical,44,khz_comb,30.0,multi,False,False,0.2079207920792079,0.0891089108910891,0.0594059405940594,0.0198019801980198,2.62214641560112,4.189205558269956,0.0021962730915921,0.0029722683149374,1.5670591426688358,-0.1188118811881188,-0.039603960396039604,0.0007759952233453,False,False
0_1,typical,44,khz_comb,30.0,single,True,True,0.0891089108910891,0.4356435643564356,0.0099009900990099,0.0099009900990099,2.192946300377022,1.2736143392993382,0.0008851398069942,0.0010142341070963,-0.9193319610776838,0.3465346534653465,0.0,0.00012909430010210002,False,False
0_1,typical,44,khz_comb,1000.0,multi,False,False,0.2079207920792079,0.0495049504950495,0.099009900990099,0.0396039603960396,2.3242961453711906,3.6372622924737934,0.0858786494189606,0.1438655950470415,1.3129661471026028,-0.15841584158415842,-0.0594059405940594,0.05798694562808089,False,False
0_1,typical,44,khz_comb,1000.0,single,True,True,0.4554455445544554,0.6435643564356436,0.0099009900990099,0.0099009900990099,1.0430786503409242,1.588806319532866,0.0303492794364274,0.0348776573478272,0.5457276691919419,0.18811881188118817,0.0,0.004528377911399796,False,False
0_1,typical,44,lines,30.0,multi,False,True,0.0693069306930693,0.099009900990099,0.0297029702970297,0.0099009900990099,4.319364955946105,3.796339593825191,0.0023859866132835,0.003474846230676,-0.5230253621209138,0.0297029702970297,-0.019801980198019802,0.0010888596173925002,False,True
0_1,typical,44,lines,30.0,single,True,False,0.2772277227722772,0.3069306930693069,0.0099009900990099,0.0198019801980198,1.3028470481259566,1.1504040360020895,0.0009084892879405,0.0011541144326991,-0.15244301212386713,0.02970297029702973,0.0099009900990099,0.00024562514475860004,True,False
0_1,typical,44,lines,1000.0,multi,False,False,0.0693069306930693,0.0198019801980198,0.0495049504950495,0.0198019801980198,4.358268067207532,4.548974317878928,0.097848148261251,0.1872045693490289,0.19070625067139613,-0.0495049504950495,-0.0297029702970297,0.0893564210877779,False,False
0_1,typical,44,lines,1000.0,single,False,False,0.4158415841584158,0.6237623762376238,0.0198019801980198,0.0198019801980198,1.0804082438966252,1.2664678082370069,0.031259788533032,0.0398158683743174,0.18605956434038173,0.20792079207920794,0.0,0.008556079841285404,False,False
0_1,typical,44,smooth,30.0,multi,False,False,0.1386138613861386,0.1089108910891089,0.0297029702970297,0.0396039603960396,3.2030957516953134,2.682220769747909,0.0023852338712495,0.0034748303657372,-0.5208749819474043,-0.0297029702970297,0.009900990099009896,0.0010895964944876999,False,False
0_1,typical,44,smooth,30.0,single,True,False,0.297029702970297,0.3762376237623762,0.0099009900990099,0.0198019801980198,1.2088687632433772,1.1407456893860466,0.000908306287335,0.0011538373497435,-0.06812307385733063,0.07920792079207917,0.0099009900990099,0.00024553106240850003,True,False
0_1,typical,44,smooth,1000.0,multi,False,False,0.099009900990099,0.0099009900990099,0.0891089108910891,0.0198019801980198,2.6931745761184107,3.808285552816592,0.0978333512194563,0.1872726294307271,1.1151109766981815,-0.0891089108910891,-0.06930693069306931,0.08943927821127079,False,False
0_1,typical,44,smooth,1000.0,single,True,False,0.5841584158415841,0.5247524752475248,0.0099009900990099,0.0198019801980198,1.195762899232008,1.28570559484828,0.0312617424200368,0.0398159441486889,0.0899426956162721,-0.05940594059405935,0.0099009900990099,0.008554201728652101,True,False
0_197,quiet,22,khz_comb,30.0,multi,False,False,0.1584158415841584,0.0495049504950495,0.2376237623762376,0.3267326732673267,0.9445253412827884,0.7346483375321015,0.0011801044878525,0.0013160922371009,-0.20987700375068696,-0.1089108910891089,0.08910891089108908,0.00013598774924840004,False,False
0_197,quiet,22,khz_comb,30.0,single,False,False,0.6633663366336634,0.5445544554455446,0.1386138613861386,0.4752475247524752,0.700693715730721,0.2012484083645404,0.0005635148705364,0.0005941043199393,-0.49944530736618065,-0.1188118811881188,0.3366336633663366,3.058944940290001e-05,False,False
0_197,quiet,22,khz_comb,1000.0,multi,False,False,0.0396039603960396,0.0297029702970297,0.5742574257425742,0.4554455445544554,-0.2511912855943125,0.1490865191538966,0.0491663399569314,0.0577346630478964,0.40027780474820907,-0.009900990099009896,-0.1188118811881188,0.008568323090965002,False,False
0_197,quiet,22,khz_comb,1000.0,single,False,False,0.6732673267326733,0.801980198019802,0.1485148514851485,0.3366336633663366,1.009052685613897,0.4038433797358576,0.0189582406303779,0.0202423631804166,-0.6052093058780394,0.12871287128712872,0.1881188118811881,0.0012841225500387007,False,False
0_197,quiet,22,lines,30.0,multi,False,False,0.1386138613861386,0.0792079207920792,0.2277227722772277,0.2871287128712871,0.8285891567539141,0.5326808141057309,0.0012619761702975,0.0014703448651921,-0.2959083426481832,-0.0594059405940594,0.0594059405940594,0.00020836869489459999,False,False
0_197,quiet,22,lines,30.0,single,False,False,0.7326732673267327,0.5841584158415841,0.6633663366336634,0.7821782178217822,-0.1903542784189835,-1.5126652805909686,0.0005963397756871,0.0006508815017522,-1.322311002171985,-0.14851485148514854,0.1188118811881188,5.4541726065099935e-05,False,False
0_197,quiet,22,lines,1000.0,multi,False,False,0.0396039603960396,0.0297029702970297,0.4752475247524752,0.2772277227722772,0.1150914701023983,0.6858861884055133,0.0529715184588256,0.0684403340571185,0.570794718303115,-0.009900990099009896,-0.19801980198019803,0.015468815598292898,False,False
0_197,quiet,22,lines,1000.0,single,False,False,0.7326732673267327,0.8514851485148515,0.6039603960396039,0.7722772277227723,-0.1020581559525074,-1.130551950090987,0.0200641765237415,0.0224122645411697,-1.0284937941384797,0.1188118811881188,0.16831683168316836,0.0023480880174281994,False,False
0_197,quiet,22,smooth,30.0,multi,False,False,0.1287128712871287,0.0396039603960396,0.2178217821782178,0.3069306930693069,0.5648913905017521,0.604110611246778,0.0012625901402516,0.001471017086659,0.03921922074502593,-0.08910891089108909,0.08910891089108913,0.0002084269464074002,False,False
0_197,quiet,22,smooth,30.0,single,False,False,0.6039603960396039,0.6237623762376238,0.693069306930693,0.8217821782178217,-0.3632542499648218,-1.48259653850943,0.0005962775906016,0.0006509419160737,-1.1193422885446083,0.01980198019801982,0.12871287128712872,5.466432547209996e-05,False,False
0_197,quiet,22,smooth,1000.0,multi,False,False,0.0396039603960396,0.0198019801980198,0.3663366336633663,0.4059405940594059,0.2876014119818317,0.2374260023199216,0.0529749315546511,0.0684527343197885,-0.050175409661910114,-0.0198019801980198,0.03960396039603964,0.015477802765137404,False,False
0_197,quiet,22,smooth,1000.0,single,False,False,0.7227722772277227,0.8514851485148515,0.495049504950495,0.7920792079207921,0.0341447377851164,-1.0805140870928378,0.0200580603255449,0.0224121550485909,-1.1146588248779543,0.12871287128712872,0.2970297029702971,0.0023540947230460026,False,False
0_197,stress,0,khz_comb,30.0,multi,False,False,0.1089108910891089,0.0594059405940594,0.1287128712871287,0.2475247524752475,1.408813252454636,0.7273811505581693,0.0006023069365487,0.0007853358001364,-0.6814321018964666,-0.04950495049504949,0.1188118811881188,0.00018302886358770006,False,False
0_197,stress,0,khz_comb,30.0,single,False,False,0.9207920792079208,0.6633663366336634,0.5445544554455446,0.6732673267326733,-0.1287584710141649,-0.4665182625692415,0.0001572354163794,0.0001822812339485,-0.3377597915550766,-0.25742574257425743,0.12871287128712872,2.50458175691e-05,False,False
0_197,stress,0,khz_comb,1000.0,multi,False,False,0.1089108910891089,0.0891089108910891,0.0891089108910891,0.1386138613861386,1.8162306764368763,1.5915682086511798,0.0200665858803738,0.026422753269718,-0.22466246778569654,-0.019801980198019792,0.04950495049504949,0.006356167389344202,False,False
0_197,stress,0,khz_comb,1000.0,single,False,False,0.8712871287128713,0.7128712871287128,0.5544554455445545,0.5841584158415841,-0.1902683838847234,-0.1676934373794096,0.0052216743991726,0.0060500278372807,0.022574946505313803,-0.15841584158415845,0.02970297029702962,0.0008283534381080997,False,False
0_197,stress,0,lines,30.0,multi,False,False,0.0792079207920792,0.0594059405940594,0.1287128712871287,0.2772277227722772,1.6933281480229414,0.631997605680219,0.0006716984096585,0.0009177175704466,-1.0613305423427224,-0.019801980198019792,0.1485148514851485,0.00024601916078809995,False,False
0_197,stress,0,lines,30.0,single,False,False,0.7128712871287128,0.5841584158415841,0.6633663366336634,0.801980198019802,-0.3624558234590551,-0.8040067704368095,0.0001652148475136,0.0002027446224625,-0.4415509469777544,-0.12871287128712872,0.13861386138613863,3.752977494890001e-05,False,False
0_197,stress,0,lines,1000.0,multi,False,False,0.0693069306930693,0.0495049504950495,0.0594059405940594,0.1881188118811881,1.6906510482850383,0.9156589565501062,0.0224654031494874,0.0311227141276577,-0.7749920917349321,-0.0198019801980198,0.1287128712871287,0.0086573109781703,False,False
0_197,stress,0,lines,1000.0,single,False,False,0.9108910891089108,0.6831683168316832,0.7227722772277227,0.7623762376237624,-0.7307469441575911,-0.684922725685905,0.005490355260515,0.0067282269518413,0.04582421847168616,-0.2277227722772276,0.03960396039603964,0.0012378716913262998,False,False
0_197,stress,0,smooth,30.0,multi,False,False,0.0792079207920792,0.0792079207920792,0.0792079207920792,0.2475247524752475,1.5413725151639686,0.7195337264124843,0.000671517421615,0.0009180143436899,-0.8218387887514843,0.0,0.1683168316831683,0.00024649692207489996,False,False
0_197,stress,0,smooth,30.0,single,False,False,0.8217821782178217,0.4752475247524752,0.7326732673267327,0.8217821782178217,-0.3795305957519043,-0.4812246311118547,0.000165150397406,0.0002028756444044,-0.10169403535995042,-0.3465346534653465,0.08910891089108908,3.7725246998399986e-05,False,False
0_197,stress,0,smooth,1000.0,multi,False,False,0.0495049504950495,0.0693069306930693,0.1485148514851485,0.2673267326732673,1.520349955240409,0.6253502826429956,0.0224629325426592,0.0311303820666177,-0.8949996725974133,0.0198019801980198,0.11881188118811878,0.008667449523958499,False,False
0_197,stress,0,smooth,1000.0,single,False,False,0.8514851485148515,0.7326732673267327,0.7524752475247525,0.8415841584158416,-0.632370701366526,-0.9481359939506055,0.0054880672798826,0.006731881133547,-0.3157652925840796,-0.1188118811881188,0.08910891089108908,0.0012438138536644003,False,False
0_197,typical,36,khz_comb,30.0,multi,False,False,0.099009900990099,0.0693069306930693,0.6039603960396039,0.4257425742574257,-0.2731201222317616,0.1524126583259933,0.0009299092883014,0.0010974099883841,0.4255327805577549,-0.0297029702970297,-0.17821782178217827,0.00016750070008269993,False,False
0_197,typical,36,khz_comb,30.0,single,False,False,0.2871287128712871,0.4851485148514851,0.9405940594059404,0.900990099009901,-1.1461034943622863,-0.9513905640340986,0.0001858089332141,0.0001878182270472,0.1947129303281877,0.19801980198019797,-0.03960396039603942,2.009293833099996e-06,False,False
0_197,typical,36,khz_comb,1000.0,multi,False,False,0.1386138613861386,0.0396039603960396,0.7425742574257426,0.504950495049505,-0.4894911092492951,0.0017465345046262,0.0310013026720754,0.0366574923884648,0.4912376437539213,-0.099009900990099,-0.2376237623762376,0.005656189716389402,False,False
0_197,typical,36,khz_comb,1000.0,single,False,False,0.1485148514851485,0.1584158415841584,0.9108910891089108,0.9207920792079208,-0.8817605720645636,-0.8874036647425415,0.0064192084062195,0.0064360847876886,-0.005643092677977912,0.009900990099009882,0.00990099009901002,1.6876381469100102e-05,False,False
0_197,typical,36,lines,30.0,multi,False,False,0.1287128712871287,0.0495049504950495,0.5544554455445545,0.4158415841584158,-0.0817627164279918,0.2644325546812622,0.0010408160213462,0.0012666287103524,0.34619527110925397,-0.0792079207920792,-0.13861386138613868,0.00022581268900620012,False,False
0_197,typical,36,lines,30.0,single,False,False,0.4059405940594059,0.4653465346534653,0.7722772277227723,0.7722772277227723,-0.585001427778227,-0.606683113369885,0.0001896390349361,0.0001937630013658,-0.021681685591658062,0.0594059405940594,0.0,4.123966429699994e-06,False,False
0_197,typical,36,lines,1000.0,multi,False,False,0.1485148514851485,0.0495049504950495,0.6138613861386139,0.3564356435643564,-0.2569943385246395,0.3163607300532901,0.0346935312797207,0.0423362943944135,0.5733550685779296,-0.09900990099009901,-0.25742574257425743,0.007642763114692801,False,False
0_197,typical,36,lines,1000.0,single,False,False,0.1683168316831683,0.2574257425742574,0.7425742574257426,0.7425742574257426,-0.7105015809971921,-0.4428355956355522,0.0065683491191535,0.0066381815487562,0.2676659853616399,0.08910891089108908,0.0,6.983242960270034e-05,False,False
0_197,typical,36,smooth,30.0,multi,False,False,0.1386138613861386,0.0495049504950495,0.6138613861386139,0.3366336633663366,-0.2928468407098993,0.3526922574235475,0.0010393880049801,0.0012658030029652,0.6455390981334468,-0.0891089108910891,-0.27722772277227725,0.00022641499798510003,False,False
0_197,typical,36,smooth,30.0,single,False,False,0.2871287128712871,0.4356435643564356,0.7722772277227723,0.7425742574257426,-0.6441801684821995,-0.5640458744697326,0.0001897295120841,0.0001938566430152,0.08013429401246686,0.14851485148514848,-0.02970297029702973,4.127130931099983e-06,False,False
0_197,typical,36,smooth,1000.0,multi,False,False,0.0495049504950495,0.0495049504950495,0.4752475247524752,0.4158415841584158,0.045479345054774,0.2406811439248537,0.0346390017014976,0.0423074912280345,0.1952017988700797,0.0,-0.0594059405940594,0.007668489526536898,False,False
0_197,typical,36,smooth,1000.0,single,False,False,0.1782178217821782,0.2178217821782178,0.7326732673267327,0.8415841584158416,-0.5497840839456936,-0.5985028103020537,0.0065695851263298,0.0066397699951497,-0.0487187263563601,0.039603960396039584,0.1089108910891089,7.018486881989975e-05,False,False
11_10,quiet,16,khz_comb,30.0,multi,False,False,0.0396039603960396,0.0495049504950495,0.495049504950495,0.3069306930693069,0.0621096711977896,0.6021840535926289,0.0003708319308801,0.0005011280808319,0.5400743823948393,0.009900990099009903,-0.18811881188118806,0.00013029614995179996,False,False
11_10,quiet,16,khz_comb,30.0,single,False,False,0.3861386138613861,0.8316831683168316,0.4554455445544554,0.3564356435643564,0.0689306517421794,0.3282813737788434,0.0002214123229472,0.0002697935957621,0.25935072203666404,0.44554455445544555,-0.09900990099009899,4.838127281490002e-05,False,False
11_10,quiet,16,khz_comb,1000.0,multi,False,False,0.0594059405940594,0.0396039603960396,0.594059405940594,0.3267326732673267,-0.2326433531923113,0.6568986543065748,0.0123467035413182,0.0170440122326741,0.8895420074988861,-0.019801980198019806,-0.26732673267326734,0.0046973086913559,False,False
11_10,quiet,16,khz_comb,1000.0,single,False,False,0.7524752475247525,0.8415841584158416,0.504950495049505,0.4356435643564356,0.0066762247628638,0.1495594845936761,0.007308349433328,0.0088890959263376,0.1428832598308123,0.08910891089108908,-0.06930693069306937,0.0015807464930096002,False,False
11_10,quiet,16,lines,30.0,multi,False,False,0.0693069306930693,0.099009900990099,0.4851485148514851,0.3168316831683168,0.1084545345887758,0.7044502304180601,0.0003973627461082,0.0005786334939199,0.5959956958292842,0.0297029702970297,-0.1683168316831683,0.00018127074781170002,False,False
11_10,quiet,16,lines,30.0,single,False,False,0.3267326732673267,0.8514851485148515,0.2871287128712871,0.0495049504950495,0.2238149383212124,1.2468314745757725,0.000240818925171,0.0003100091338267,1.02301653625456,0.5247524752475248,-0.2376237623762376,6.919020865570004e-05,False,False
11_10,quiet,16,lines,1000.0,multi,False,False,0.0594059405940594,0.0693069306930693,0.4059405940594059,0.3663366336633663,0.220120769553671,0.4891002491696186,0.0132230633909156,0.0198443671997315,0.2689794796159476,0.009900990099009896,-0.03960396039603964,0.0066213038088159,False,False
11_10,quiet,16,lines,1000.0,single,False,False,0.7920792079207921,0.9405940594059404,0.3564356435643564,0.1386138613861386,0.4114615731558052,0.6402056791345465,0.0079337589376759,0.0101967818373136,0.22874410597874129,0.1485148514851483,-0.21782178217821782,0.002263022899637701,False,False
11_10,quiet,16,smooth,30.0,multi,False,False,0.0594059405940594,0.1089108910891089,0.3465346534653465,0.3465346534653465,0.3360168558056261,0.3080390764040103,0.0003967978946554,0.0005782143514808,-0.027977779401615832,0.04950495049504949,0.0,0.00018141645682540004,False,False
11_10,quiet,16,smooth,30.0,single,False,False,0.3663366336633663,0.9108910891089108,0.396039603960396,0.0693069306930693,0.2894716879598598,0.7100008855902867,0.0002406843314332,0.0003100350512398,0.42052919763042695,0.5445544554455446,-0.3267326732673267,6.935071980660002e-05,False,False
11_10,quiet,16,smooth,1000.0,multi,False,False,0.099009900990099,0.0891089108910891,0.4851485148514851,0.2871287128712871,0.1124637545196773,0.5035933599790503,0.0132056981311118,0.0198365797191082,0.39112960545937303,-0.009900990099009896,-0.19801980198019797,0.0066308815879964,False,False
11_10,quiet,16,smooth,1000.0,single,False,False,0.7920792079207921,0.9405940594059404,0.3663366336633663,0.2475247524752475,0.263690421183717,0.7733495401691334,0.0079293330954909,0.0102008819178301,0.5096591189854164,0.1485148514851483,-0.11881188118811878,0.0022715488223392,False,False
11_10,stress,64,khz_comb,30.0,multi,False,False,1.0,1.0,1.0,1.0,,,0.0,0.0,,0.0,0.0,0.0,False,False
11_10,stress,64,khz_comb,30.0,single,False,False,1.0,1.0,1.0,1.0,,,0.0,0.0,,0.0,0.0,0.0,False,False
11_10,stress,64,khz_comb,1000.0,multi,False,False,1.0,1.0,1.0,1.0,,,0.0,0.0,,0.0,0.0,0.0,False,False
11_10,stress,64,khz_comb,1000.0,single,False,False,1.0,1.0,1.0,1.0,,,0.0,0.0,,0.0,0.0,0.0,False,False
11_10,stress,64,lines,30.0,multi,False,False,1.0,1.0,1.0,1.0,,,0.0,0.0,,0.0,0.0,0.0,False,False
11_10,stress,64,lines,30.0,single,False,False,1.0,1.0,1.0,1.0,,,0.0,0.0,,0.0,0.0,0.0,False,False
11_10,stress,64,lines,1000.0,multi,False,False,1.0,1.0,1.0,1.0,,,0.0,0.0,,0.0,0.0,0.0,False,False
11_10,stress,64,lines,1000.0,single,False,False,1.0,1.0,1.0,1.0,,,0.0,0.0,,0.0,0.0,0.0,False,False
11_10,stress,64,smooth,30.0,multi,False,False,1.0,1.0,1.0,1.0,,,0.0,0.0,,0.0,0.0,0.0,False,False
11_10,stress,64,smooth,30.0,single,False,False,1.0,1.0,1.0,1.0,,,0.0,0.0,,0.0,0.0,0.0,False,False
11_10,stress,64,smooth,1000.0,multi,False,False,1.0,1.0,1.0,1.0,,,0.0,0.0,,0.0,0.0,0.0,False,False
11_10,stress,64,smooth,1000.0,single,False,False,1.0,1.0,1.0,1.0,,,0.0,0.0,,0.0,0.0,0.0,False,False
11_10,typical,44,khz_comb,30.0,multi,False,False,0.1287128712871287,0.099009900990099,0.1386138613861386,0.1287128712871287,0.926264406642448,1.0719146642057211,0.0062383390495818,0.0074982793106994,0.1456502575632731,-0.029702970297029688,-0.00990099009900991,0.0012599402611176,False,False
11_10,typical,44,khz_comb,30.0,single,False,False,1.0,0.9702970297029704,0.1881188118811881,0.2871287128712871,1.0579680892961028,0.5560152325284768,0.0029901236487046,0.003524857673153,-0.5019528567676259,-0.02970297029702962,0.09900990099009901,0.0005347340244484002,False,False
11_10,typical,44,khz_comb,1000.0,multi,False,False,0.099009900990099,0.0495049504950495,0.0594059405940594,0.0693069306930693,1.7652494341657885,1.4412511492133728,0.2275189866862329,0.2712618255354508,-0.32399828495241567,-0.0495049504950495,0.009900990099009896,0.0437428388492179,False,False
11_10,typical,44,khz_comb,1000.0,single,False,False,0.9405940594059404,0.99009900990099,0.3366336633663366,0.3069306930693069,0.9050135162736171,0.5991418806329252,0.1003451527710276,0.1183949332757028,-0.305871635640692,0.04950495049504955,-0.029702970297029674,0.018049780504675206,False,False
11_10,typical,44,lines,30.0,multi,False,False,0.1683168316831683,0.1782178217821782,0.0396039603960396,0.2673267326732673,1.1599784011202203,0.724931703371585,0.0067010265853219,0.0085558813624371,-0.43504669774863536,0.00990099009900991,0.2277227722772277,0.0018548547771152007,False,False
11_10,typical,44,lines,30.0,single,False,False,0.9405940594059404,0.900990099009901,0.1584158415841584,0.0594059405940594,1.6692313995953711,1.5172933646054636,0.0032367433224293,0.0040073315622339,-0.15193803498990754,-0.03960396039603942,-0.09900990099009899,0.0007705882398046002,False,False
11_10,typical,44,lines,1000.0,multi,False,False,0.1089108910891089,0.1089108910891089,0.099009900990099,0.0693069306930693,1.8184991140761992,1.502537071018175,0.2419430062391905,0.3120495613213603,-0.31596204305802433,0.0,-0.0297029702970297,0.07010655508216981,False,False
11_10,typical,44,lines,1000.0,single,False,False,0.99009900990099,0.99009900990099,0.099009900990099,0.2574257425742574,2.081890990036864,0.6526947102427323,0.1086054719033663,0.1356070180171933,-1.4291962797941318,0.0,0.1584158415841584,0.027001546113827005,False,False
11_10,typical,44,smooth,30.0,multi,False,False,0.1584158415841584,0.0891089108910891,0.1485148514851485,0.198019801980198,0.8828919403128287,0.9086403186638372,0.0067008826824069,0.0085542000465129,0.025748378351008516,-0.06930693069306929,0.04950495049504949,0.0018533173641060007,False,False
11_10,typical,44,smooth,30.0,single,False,False,0.9108910891089108,0.9207920792079208,0.1881188118811881,0.0792079207920792,1.2854157220104898,1.6046520683124224,0.0032355820433076,0.0040086131151123,0.31923634630193254,0.00990099009901002,-0.1089108910891089,0.0007730310718047002,False,False
11_10,typical,44,smooth,1000.0,multi,False,False,0.1188118811881188,0.1485148514851485,0.1287128712871287,0.1188118811881188,1.4745607924227642,1.3246716770505982,0.2419718556825749,0.3120226338864844,-0.14988911537216598,0.0297029702970297,-0.009900990099009882,0.07005077820390948,False,False
11_10,typical,44,smooth,1000.0,single,False,False,1.0,0.99009900990099,0.0594059405940594,0.2673267326732673,3.1399520428196617,0.8384690230205638,0.1085709950518685,0.1357193795817749,-2.3014830197990976,-0.00990099009901002,0.20792079207920788,0.027148384529906408,False,False
157_146,quiet,16,khz_comb,30.0,multi,False,False,0.198019801980198,0.198019801980198,0.2673267326732673,0.297029702970297,0.7327488609963694,0.5236532885015037,0.0001438747292524,0.000188134196311,-0.20909557249486566,0.0,0.02970297029702973,4.425946705859999e-05,False,False
157_146,quiet,16,khz_comb,30.0,single,False,False,0.7920792079207921,0.8910891089108911,0.4059405940594059,0.0594059405940594,0.2432026476260703,0.8026461029711783,9.60477000123908e-05,0.0001020846589847,0.559443455345108,0.09900990099009899,-0.3465346534653465,6.036958972309203e-06,False,False
157_146,quiet,16,khz_comb,1000.0,multi,False,False,0.2376237623762376,0.2079207920792079,0.3168316831683168,0.3168316831683168,0.4171185544227514,0.5545854099219157,0.0047978208498021,0.0062693596245262,0.13746685549916432,-0.0297029702970297,0.0,0.0014715387747241005,False,False
157_146,quiet,16,khz_comb,1000.0,single,False,False,0.7722772277227723,0.8316831683168316,0.4158415841584158,0.1089108910891089,0.2217665594086765,0.8498136730756839,0.0032049259221129,0.003411840420241,0.6280471136670074,0.05940594059405935,-0.3069306930693069,0.00020691449812810028,False,False
157_146,quiet,16,lines,30.0,multi,False,False,0.1782178217821782,0.1287128712871287,0.0198019801980198,0.2475247524752475,1.754424434541528,0.9223417588244124,0.0001517752266062,0.0002182654669441,-0.8320826757171157,-0.04950495049504952,0.2277227722772277,6.64902403379e-05,False,False
157_146,quiet,16,lines,30.0,single,False,False,0.8712871287128713,0.900990099009901,0.0594059405940594,0.0495049504950495,1.0223955789603685,1.2495686718321255,0.0001019582435104,0.000113747785172,0.22717309287175702,0.02970297029702973,-0.009900990099009903,1.1789541661600005e-05,False,False
157_146,quiet,16,lines,1000.0,multi,False,False,0.2277227722772277,0.1782178217821782,0.0495049504950495,0.3168316831683168,1.5889746099594988,0.5334401986189312,0.0050618698860443,0.0072695454937275,-1.0555344113405676,-0.04950495049504949,0.2673267326732673,0.0022076756076832007,False,False
157_146,quiet,16,lines,1000.0,single,False,False,0.8415841584158416,0.8217821782178217,0.0594059405940594,0.0396039603960396,0.9868807779508618,1.1524810126690117,0.0034045966871201,0.0038121080859217,0.16560023471814989,-0.01980198019801982,-0.019801980198019806,0.0004075113988016,False,False
157_146,quiet,16,smooth,30.0,multi,False,False,0.1485148514851485,0.1485148514851485,0.0495049504950495,0.297029702970297,1.4751016910106245,0.5005080667881061,0.0001518428560763,0.0002182272557645,-0.9745936242225184,0.0,0.24752475247524752,6.63843996882e-05,False,False
157_146,quiet,16,smooth,30.0,single,False,False,0.8712871287128713,0.8910891089108911,0.0396039603960396,0.0693069306930693,0.8202364604971478,0.9908562808605984,0.0001020121478038,0.0001137353585129,0.17061982036345058,0.01980198019801982,0.0297029702970297,1.1723210709099999e-05,False,False
157_146,quiet,16,smooth,1000.0,multi,False,False,0.1881188118811881,0.1584158415841584,0.0396039603960396,0.2673267326732673,1.590824896366486,0.6413769912948128,0.0050640466287813,0.0072686639310966,-0.9494479050716731,-0.0297029702970297,0.2277227722772277,0.0022046173023153003,False,False
157_146,quiet,16,smooth,1000.0,single,False,False,0.8613861386138614,0.801980198019802,0.0495049504950495,0.0495049504950495,0.8592593405382019,1.465233220584612,0.0034063761810833,0.003812145776152,0.6059738800464101,-0.05940594059405935,0.0,0.0004057695950687003,False,False
157_146,stress,0,khz_comb,30.0,multi,False,False,0.0594059405940594,0.1386138613861386,0.2475247524752475,0.3267326732673267,0.9519641497052892,0.525036281924678,0.0004788334982016,0.0005418514765032,-0.4269278677806112,0.0792079207920792,0.0792079207920792,6.301797830159995e-05,False,False
157_146,stress,0,khz_comb,30.0,single,False,False,0.6633663366336634,0.5247524752475248,0.4851485148514851,0.2772277227722772,0.0174459011487491,0.2325588518863229,0.0001689252474538,0.0001773621654775,0.21511295073757378,-0.13861386138613863,-0.20792079207920788,8.436918023700012e-06,False,False
157_146,stress,0,khz_comb,1000.0,multi,False,False,0.0693069306930693,0.0594059405940594,0.3267326732673267,0.3663366336633663,0.6082927774079888,0.5416828232619663,0.0160462111861532,0.018231995711031,-0.06660995414602255,-0.009900990099009896,0.039603960396039584,0.002185784524877797,False,False
157_146,stress,0,khz_comb,1000.0,single,False,False,0.6831683168316832,0.5742574257425742,0.4752475247524752,0.297029702970297,0.095538008179532,0.2266044227644743,0.0056468780194133,0.0059449102922719,0.13106641458494228,-0.10891089108910901,-0.1782178217821782,0.0002980322728585996,False,False
157_146,stress,0,lines,30.0,multi,False,False,0.0693069306930693,0.099009900990099,0.3861386138613861,0.297029702970297,0.5146182395928052,0.8180431708182114,0.0005043883543306,0.0006021761833308,0.30342493122540626,0.0297029702970297,-0.08910891089108908,9.778782900019998e-05,False,False
157_146,stress,0,lines,30.0,single,False,False,0.7425742574257426,0.4554455445544554,0.5643564356435643,0.495049504950495,-0.1011961518934295,0.0663596169308209,0.0001782932922707,0.0001930355164328,0.16755576882425038,-0.28712871287128716,-0.06930693069306931,1.4742224162100004e-05,False,False
157_146,stress,0,lines,1000.0,multi,False,False,0.0693069306930693,0.0297029702970297,0.2871287128712871,0.1881188118811881,0.4443376034293659,1.3655240410593594,0.016920016798008,0.0203284801347669,0.9211864376299935,-0.0396039603960396,-0.09900990099009901,0.003408463336758899,False,False
157_146,stress,0,lines,1000.0,single,False,False,0.6237623762376238,0.4158415841584158,0.4851485148514851,0.4455445544554455,0.0508292276990871,0.1879445363355789,0.00596223471523,0.0064787307793504,0.1371153086364918,-0.20792079207920794,-0.039603960396039584,0.0005164960641203999,False,False
157_146,stress,0,smooth,30.0,multi,False,False,0.0891089108910891,0.099009900990099,0.3564356435643564,0.2475247524752475,0.4463207244917321,0.8812747648063377,0.0005039273820823,0.0006024022222599,0.4349540403146056,0.009900990099009896,-0.10891089108910892,9.84748401776e-05,False,False
157_146,stress,0,smooth,30.0,single,False,False,0.7722772277227723,0.5346534653465347,0.4356435643564356,0.4653465346534653,0.2636389105858775,0.1926500666404582,0.0001783749173976,0.0001931786109654,-0.07098884394541932,-0.2376237623762376,0.02970297029702973,1.4803693567800008e-05,False,False
157_146,stress,0,smooth,1000.0,multi,False,False,0.099009900990099,0.0594059405940594,0.396039603960396,0.2574257425742574,0.3651831183760393,1.0014839002752198,0.0168996645149588,0.0203322421917372,0.6363007818991806,-0.0396039603960396,-0.13861386138613863,0.0034325776767784,False,False
157_146,stress,0,smooth,1000.0,single,False,False,0.6831683168316832,0.4158415841584158,0.5742574257425742,0.3564356435643564,-0.2110505848412699,0.1860949697612569,0.0059652330513297,0.0064838000668699,0.39714555460252676,-0.2673267326732674,-0.2178217821782178,0.0005185670155401995,False,False
157_146,typical,46,khz_comb,30.0,multi,False,False,0.0099009900990099,0.0198019801980198,0.0297029702970297,0.0594059405940594,2.460970670149064,2.269349088705488,0.0059372866712066,0.0069339148064203,-0.191621581443576,0.0099009900990099,0.0297029702970297,0.0009966281352136999,False,False
157_146,typical,46,khz_comb,30.0,single,False,False,0.1188118811881188,0.0594059405940594,0.9504950495049505,0.9306930693069309,-1.219189259046155,-0.9105903094064188,0.0015091985589426,0.0016800459463348,0.3085989496397362,-0.0594059405940594,-0.019801980198019598,0.00017084738739220015,False,False
157_146,typical,46,khz_comb,1000.0,multi,False,False,0.0099009900990099,0.0099009900990099,0.0198019801980198,0.4653465346534653,2.945833083701744,0.0592111883251246,0.7552749153021572,1.1222496716981112,-2.8866218953766194,0.0,0.4455445544554455,0.366974756395954,False,False
157_146,typical,46,khz_comb,1000.0,single,False,False,0.1188118811881188,0.1386138613861386,0.9108910891089108,0.7722772277227723,-0.8468346193885399,-0.8206268062237938,0.0707802069111932,0.0901906904825614,0.026207813164746074,0.019801980198019792,-0.13861386138613851,0.019410483571368195,False,False
157_146,typical,46,lines,30.0,multi,False,False,0.0495049504950495,0.0099009900990099,0.0297029702970297,0.0297029702970297,2.558131966133162,2.5213739058446984,0.0061647164488773,0.0077957284390684,-0.0367580602884634,-0.0396039603960396,0.0,0.0016310119901911,False,False
157_146,typical,46,lines,30.0,single,False,False,0.1584158415841584,0.1881188118811881,0.900990099009901,0.9207920792079208,-1.373402863340552,-0.8211075645337794,0.001598156038557,0.001850551022289,0.5522952988067725,0.0297029702970297,0.01980198019801982,0.0002523949837320001,False,False
157_146,typical,46,lines,1000.0,multi,False,False,0.0099009900990099,0.0099009900990099,0.2475247524752475,0.4554455445544554,1.1772442980589992,0.2877737291865883,0.8774835373287936,1.4806477755775278,-0.8894705688724109,0.0,0.2079207920792079,0.6031642382487342,False,False
157_146,typical,46,lines,1000.0,single,False,False,0.1089108910891089,0.0891089108910891,0.801980198019802,0.6633663366336634,-1.0840808088275011,-0.9024748718786796,0.0781265616676742,0.1099647285178404,0.18160593694882154,-0.019801980198019792,-0.13861386138613863,0.03183816685016619,False,False
157_146,typical,46,smooth,30.0,multi,False,False,0.0297029702970297,0.0198019801980198,0.0297029702970297,0.0495049504950495,3.4115286756231598,2.5633721171695365,0.0061653103376679,0.0077963181464355,-0.8481565584536233,-0.009900990099009903,0.0198019801980198,0.0016310078087676,False,False
157_146,typical,46,smooth,30.0,single,False,False,0.1782178217821782,0.1188118811881188,0.8415841584158416,0.9108910891089108,-1.4049929209329477,-0.9080159145102862,0.0015980982266653,0.0018509566969046,0.4969770064226615,-0.0594059405940594,0.06930693069306926,0.0002528584702392999,False,False
157_146,typical,46,smooth,1000.0,multi,False,False,0.0297029702970297,0.0099009900990099,0.3861386138613861,0.495049504950495,0.4338164254970159,0.0400197035942928,0.8774223074225804,1.480482042311503,-0.3937967219027231,-0.019801980198019802,0.1089108910891089,0.6030597348889226,False,False
157_146,typical,46,smooth,1000.0,single,False,False,0.1188118811881188,0.1287128712871287,0.7920792079207921,0.7326732673267327,-0.9688068616180168,-0.8819225034711079,0.0781434758589171,0.1100156269521654,0.08688435814690887,0.009900990099009882,-0.05940594059405946,0.0318721510932483,False,False
159_76,quiet,22,khz_comb,30.0,multi,False,False,0.1683168316831683,0.1881188118811881,0.4455445544554455,0.297029702970297,0.1025888706117768,0.3285518631527779,0.0005946849375241,0.0007920732290931,0.2259629925410011,0.019801980198019792,-0.14851485148514848,0.000197388291569,False,False
159_76,quiet,22,khz_comb,30.0,single,False,False,0.5247524752475248,0.7524752475247525,0.3762376237623762,0.594059405940594,0.2320393323126487,-0.2092120510998896,0.0002160737099849,0.0002448918145659,-0.44125138341253833,0.2277227722772277,0.21782178217821785,2.8818104580999982e-05,False,False
159_76,quiet,22,khz_comb,1000.0,multi,False,False,0.1683168316831683,0.099009900990099,0.4257425742574257,0.4752475247524752,0.1600919693239628,0.0903347628043029,0.0207612520717886,0.0310711946156397,-0.0697572065196599,-0.0693069306930693,0.04950495049504955,0.010309942543851099,False,False
159_76,quiet,22,khz_comb,1000.0,single,False,False,0.594059405940594,0.6237623762376238,0.4257425742574257,0.5544554455445545,0.1401741524152029,-0.0896448323376811,0.0072650298172733,0.0083872718167364,-0.22981898475288398,0.02970297029702973,0.12871287128712883,0.0011222419994631003,False,False
159_76,quiet,22,lines,30.0,multi,False,False,0.2178217821782178,0.2079207920792079,0.495049504950495,0.1782178217821782,0.0099197016080668,1.0980057894613078,0.0006779834006341,0.0009443984206543,1.088086087853241,-0.009900990099009882,-0.3168316831683168,0.0002664150200202,False,False
159_76,quiet,22,lines,30.0,single,False,False,0.594059405940594,0.8514851485148515,0.5544554455445545,0.6336633663366337,-0.0913448454700038,-0.2876657135245119,0.0002505970049974,0.0002897084120544,-0.19632086805450813,0.25742574257425743,0.07920792079207917,3.911140705700002e-05,False,False
159_76,quiet,22,lines,1000.0,multi,False,False,0.1287128712871287,0.0891089108910891,0.4059405940594059,0.3465346534653465,0.3311732014250652,0.3867893379592588,0.0240660018228531,0.0391779468729231,0.055616136534193616,-0.039603960396039584,-0.0594059405940594,0.015111945050069998,False,False
159_76,quiet,22,lines,1000.0,single,False,False,0.6138613861386139,0.6534653465346535,0.5148514851485149,0.5346534653465347,-0.0288212591744597,-0.0390223060053195,0.0084416090980347,0.0100434845084285,-0.010201046830859803,0.03960396039603964,0.01980198019801982,0.0016018754103938014,False,False
159_76,quiet,22,smooth,30.0,multi,False,False,0.1386138613861386,0.198019801980198,0.4158415841584158,0.2475247524752475,0.187562995447124,0.9126698748569332,0.0006778918147376,0.0009449096569695,0.7251068794098092,0.0594059405940594,-0.16831683168316833,0.00026701784223190003,False,False
159_76,quiet,22,smooth,30.0,single,False,False,0.7029702970297029,0.7524752475247525,0.4356435643564356,0.5643564356435643,0.0803242548573994,-0.0519686320230279,0.0002504489685097,0.0002897389739776,-0.13229288688042729,0.04950495049504955,0.12871287128712872,3.929000546789999e-05,False,False
159_76,quiet,22,smooth,1000.0,multi,False,False,0.2178217821782178,0.0891089108910891,0.4653465346534653,0.3465346534653465,0.0826218628603738,0.4311549808449469,0.024058508040174,0.0392137279745278,0.3485331179845731,-0.1287128712871287,-0.1188118811881188,0.015155219934353804,False,False
159_76,quiet,22,smooth,1000.0,single,False,False,0.6138613861386139,0.495049504950495,0.4059405940594059,0.495049504950495,0.1454604285022721,0.025371278516692,0.0084374977489903,0.010044679410599,-0.1200891499855801,-0.11881188118811886,0.08910891089108908,0.0016071816616086993,False,False
159_76,stress,0,khz_comb,30.0,multi,True,False,0.0099009900990099,0.0693069306930693,0.0099009900990099,0.1584158415841584,1.568289682431807,0.807071558647452,0.0012576678204848,0.0015641381887187,-0.7612181237843552,0.0594059405940594,0.14851485148514848,0.00030647036823390006,True,False
159_76,stress,0,khz_comb,30.0,single,False,False,0.3168316831683168,0.3267326732673267,0.8217821782178217,0.7722772277227723,-1.610169065675968,-1.6155321308783104,0.0002041391530346,0.0002318314401147,-0.005363065202342421,0.00990099009900991,-0.04950495049504944,2.7692287080099986e-05,False,False
159_76,stress,0,khz_comb,1000.0,multi,False,False,0.0099009900990099,0.0495049504950495,0.1881188118811881,0.2574257425742574,0.7315782284830329,0.5402778150820949,0.0481685492772451,0.0660655449200537,-0.19130041340093795,0.0396039603960396,0.06930693069306929,0.017896995642808604,False,False
159_76,stress,0,khz_comb,1000.0,single,False,False,0.3465346534653465,0.2871287128712871,0.7821782178217822,0.8316831683168316,-1.7768084445467742,-1.8326163722762656,0.0067951122950715,0.0077343718758728,-0.05580792772949139,-0.0594059405940594,0.04950495049504944,0.0009392595808012999,False,False
159_76,stress,0,lines,30.0,multi,False,False,0.0297029702970297,0.0594059405940594,0.0198019801980198,0.1584158415841584,1.4934370515710562,0.9510852885229304,0.0014017776177569,0.001817905437242,-0.5423517630481258,0.0297029702970297,0.1386138613861386,0.0004161278194851001,False,False
159_76,stress,0,lines,30.0,single,False,False,0.504950495049505,0.4653465346534653,0.8514851485148515,0.8415841584158416,-2.9971665076515923,-3.022761235928047,0.0002328541421604,0.0002703864360395,-0.025594728276454592,-0.03960396039603964,-0.00990099009900991,3.753229387909999e-05,False,False
159_76,stress,0,lines,1000.0,multi,False,False,0.0396039603960396,0.0297029702970297,0.3069306930693069,0.1485148514851485,0.3656959317041214,0.995431294160393,0.0550872367217014,0.0817305180512721,0.6297353624562716,-0.009900990099009896,-0.15841584158415842,0.026643281329570702,False,False
159_76,stress,0,lines,1000.0,single,False,False,0.5643564356435643,0.495049504950495,0.8415841584158416,0.7722772277227723,-2.227967660814427,-1.5666003607372418,0.0077566794347755,0.0090255424215091,0.6613673000771854,-0.06930693069306931,-0.06930693069306926,0.0012688629867335993,False,False
159_76,stress,0,smooth,30.0,multi,False,False,0.0198019801980198,0.099009900990099,0.0495049504950495,0.099009900990099,1.5833989139997466,0.9065233349524612,0.0014019182148289,0.0018182812030847,-0.6768755790472855,0.0792079207920792,0.0495049504950495,0.0004163629882558001,False,False
159_76,stress,0,smooth,30.0,single,False,False,0.5346534653465347,0.504950495049505,0.8613861386138614,0.8712871287128713,-2.8235984791868023,-2.669637403930196,0.0002325653854201,0.000269849763459,0.15396107525660607,-0.02970297029702973,0.00990099009900991,3.728437803890002e-05,False,False
159_76,stress,0,smooth,1000.0,multi,False,False,0.0099009900990099,0.0495049504950495,0.3564356435643564,0.1782178217821782,0.3200384292733657,0.9521957506843188,0.0550881988097212,0.081716591967566,0.6321573214109532,0.0396039603960396,-0.1782178217821782,0.026628393157844807,False,False
159_76,stress,0,smooth,1000.0,single,False,False,0.5841584158415841,0.495049504950495,0.8910891089108911,0.9108910891089108,-4.323229055189386,-2.4733516329455942,0.0077473134619531,0.0090094556269997,1.8498774222437917,-0.08910891089108913,0.01980198019801971,0.0012621421650465996,False,False
159_76,typical,44,khz_comb,30.0,multi,False,False,0.0495049504950495,0.099009900990099,0.0693069306930693,0.0792079207920792,1.964452888827623,1.6441751484004163,0.000667211664689,0.0010969075744911,-0.3202777404272066,0.0495049504950495,0.009900990099009896,0.0004296959098020999,False,False
159_76,typical,44,khz_comb,30.0,single,False,False,0.7920792079207921,0.7524752475247525,0.2475247524752475,0.1782178217821782,0.8074343251714146,0.8680092785235006,0.0002370865588624,0.0003085755191768,0.06057495335208607,-0.03960396039603964,-0.06930693069306929,7.148896031439997e-05,False,False
159_76,typical,44,khz_comb,1000.0,multi,False,False,0.0495049504950495,0.0693069306930693,0.0891089108910891,0.198019801980198,1.4708012990617652,1.1083512477226758,0.0225519449699987,0.0450023473607429,-0.36245005133908936,0.0198019801980198,0.1089108910891089,0.0224504023907442,False,False
159_76,typical,44,khz_comb,1000.0,single,False,False,0.8217821782178217,0.9207920792079208,0.2475247524752475,0.1188118811881188,0.438130730713515,0.7777509245080586,0.007886999328403,0.0102862952342468,0.3396201937945436,0.0990099009900991,-0.1287128712871287,0.0023992959058438,False,False
159_76,typical,44,lines,30.0,multi,False,False,0.0297029702970297,0.0792079207920792,0.0396039603960396,0.0891089108910891,1.9708084128949497,1.633902426686303,0.0007685883343708,0.0013122770003458,-0.33690598620864676,0.04950495049504949,0.04950495049504951,0.0005436886659749999,False,False
159_76,typical,44,lines,30.0,single,False,False,0.7623762376237624,0.5643564356435643,0.297029702970297,0.1485148514851485,0.5568214225597791,0.756645481565311,0.0002680964492153,0.0003623346019831,0.1998240590055319,-0.19801980198019808,-0.1485148514851485,9.42381527678e-05,False,False
159_76,typical,44,lines,1000.0,multi,False,False,0.0594059405940594,0.099009900990099,0.0198019801980198,0.1782178217821782,2.3758884255863304,1.0512431764678456,0.0264049865380243,0.0591449995245915,-1.3246452491184848,0.0396039603960396,0.15841584158415842,0.0327400129865672,False,False
159_76,typical,44,lines,1000.0,single,False,False,0.7920792079207921,0.8910891089108911,0.297029702970297,0.198019801980198,0.439632624211138,0.6837687879213132,0.0089222216316276,0.0121112049126522,0.2441361637101752,0.09900990099009899,-0.09900990099009901,0.0031889832810246006,False,False
159_76,typical,44,smooth,30.0,multi,True,False,0.0297029702970297,0.0693069306930693,0.0099009900990099,0.0396039603960396,1.860839130695364,1.976788631858697,0.0007691331036754,0.0013125544582945,0.11594950116333291,0.0396039603960396,0.029702970297029698,0.0005434213546191,True,False
159_76,typical,44,smooth,30.0,single,False,False,0.7128712871287128,0.7029702970297029,0.2376237623762376,0.1386138613861386,0.524627773192713,0.8067046565544908,0.0002679821661035,0.0003621539827861,0.2820768833617777,-0.00990099009900991,-0.09900990099009901,9.417181668260001e-05,False,False
159_76,typical,44,smooth,1000.0,multi,False,False,0.0495049504950495,0.0495049504950495,0.0792079207920792,0.1683168316831683,1.732343553536507,0.898843621543162,0.0264220317639282,0.0591636071490964,-0.833499931993345,0.0,0.0891089108910891,0.0327415753851682,False,False
159_76,typical,44,smooth,1000.0,single,False,False,0.8415841584158416,0.9306930693069309,0.3069306930693069,0.2673267326732673,0.5446935574547248,0.6679706629858961,0.0089180211011333,0.0121058585732475,0.12327710553117133,0.0891089108910893,-0.03960396039603964,0.003187837472114201,False,False
23_80,quiet,48,khz_comb,30.0,multi,False,False,0.0198019801980198,0.099009900990099,0.2772277227722772,0.3366336633663366,0.5468074534743458,0.4226382124618825,0.0006865028765407,0.0007449148334094,-0.1241692410124633,0.0792079207920792,0.0594059405940594,5.841195686870002e-05,False,False
23_80,quiet,48,khz_comb,30.0,single,False,False,0.7029702970297029,0.4257425742574257,0.8118811881188119,0.8118811881188119,-0.7629554076526288,-0.8886494731073128,0.000350384470093,0.0003651142318646,-0.12569406545468398,-0.27722772277227725,0.0,1.472976177160001e-05,False,False
23_80,quiet,48,khz_comb,1000.0,multi,False,False,0.0495049504950495,0.0297029702970297,0.1485148514851485,0.3465346534653465,1.4731363380377287,0.5250675513574838,0.0260258063298529,0.027875308724735,-0.9480687866802449,-0.0198019801980198,0.198019801980198,0.0018495023948820986,False,False
23_80,quiet,48,khz_comb,1000.0,single,False,False,0.5148514851485149,0.1386138613861386,0.9108910891089108,0.900990099009901,-0.9385492135431368,-0.7288582689891686,0.0118103853008127,0.0124063576635868,0.2096909445539682,-0.37623762376237624,-0.009900990099009799,0.0005959723627740991,False,False
23_80,quiet,48,lines,30.0,multi,False,False,0.0792079207920792,0.1089108910891089,0.4653465346534653,0.4653465346534653,0.0907094851841497,0.1319923234725654,0.0007250848879998,0.0008142312309924,0.041282838288415696,0.0297029702970297,0.0,8.914634299260005e-05,False,False
23_80,quiet,48,lines,30.0,single,False,False,0.7920792079207921,0.3267326732673267,0.6633663366336634,0.6831683168316832,-0.3179693144866102,-0.4629243825409685,0.0003677548495476,0.0003929244480924,-0.14495506805435832,-0.4653465346534654,0.01980198019801982,2.5169598544800002e-05,False,False
23_80,quiet,48,lines,1000.0,multi,False,False,0.0198019801980198,0.0297029702970297,0.3168316831683168,0.5247524752475248,0.4051632086145837,-0.0113156797522403,0.0275634049999647,0.0307126968902105,-0.416478888366824,0.009900990099009903,0.207920792079208,0.003149291890245799,False,False
23_80,quiet,48,lines,1000.0,single,False,False,0.4455445544554455,0.2079207920792079,0.5742574257425742,0.693069306930693,-0.2029633693483715,-0.6004090874302409,0.0124418972905181,0.0134481728421871,-0.3974457180818694,-0.23762376237623759,0.1188118811881188,0.0010062755516690013,False,False
23_80,quiet,48,smooth,30.0,multi,False,False,0.0297029702970297,0.1287128712871287,0.504950495049505,0.6336633663366337,-0.007110445178044,-0.2532309228734719,0.0007255346288858,0.0008152730005984,-0.24612047769542789,0.09900990099009899,0.12871287128712872,8.973837171259995e-05,False,False
23_80,quiet,48,smooth,30.0,single,False,False,0.693069306930693,0.2673267326732673,0.6831683168316832,0.7128712871287128,-0.5507983937706835,-0.4851823834027143,0.0003677065156314,0.0003928084041325,0.06561601036796921,-0.42574257425742573,0.02970297029702962,2.510188850109998e-05,False,False
23_80,quiet,48,smooth,1000.0,multi,False,False,0.0297029702970297,0.0198019801980198,0.4059405940594059,0.5445544554455446,0.2737647799646861,-0.0295396075485047,0.0275654718046582,0.030703254363457,-0.30330438751319083,-0.009900990099009903,0.13861386138613868,0.003137782558798801,False,False
23_80,quiet,48,smooth,1000.0,single,False,False,0.4257425742574257,0.1287128712871287,0.6336633663366337,0.7623762376237624,-0.2690713877490434,-0.6616215860210402,0.0124427210167119,0.0134469170669011,-0.3925501982719968,-0.29702970297029696,0.12871287128712872,0.0010041960501892006,False,False
23_80,stress,0,khz_comb,30.0,multi,False,False,0.0297029702970297,0.0297029702970297,0.0198019801980198,0.0297029702970297,1.4300354905478927,1.4639448321558126,0.0007802610453699,0.0009181201213903,0.03390934160791992,0.0,0.009900990099009903,0.00013785907602039999,False,False
23_80,stress,0,khz_comb,30.0,single,False,False,0.7227722772277227,0.6534653465346535,0.4257425742574257,0.1584158415841584,0.2517055190796501,0.7200590377340866,0.0003494623190968,0.000379948094702,0.46835351865443653,-0.06930693069306926,-0.2673267326732673,3.0485775605199983e-05,False,False
23_80,stress,0,khz_comb,1000.0,multi,False,False,0.0099009900990099,0.0495049504950495,0.0693069306930693,0.0792079207920792,1.3491441155646642,1.216160546628981,0.0257236972180319,0.0300167211144231,-0.13298356893568308,0.0396039603960396,0.009900990099009896,0.004293023896391201,False,False
23_80,stress,0,khz_comb,1000.0,single,False,False,0.7920792079207921,0.6534653465346535,0.4059405940594059,0.198019801980198,0.1449897256863523,0.5845412526056083,0.0116562458266573,0.0126756225780448,0.43955152691925603,-0.13861386138613863,-0.2079207920792079,0.0010193767513874998,False,False
23_80,stress,0,lines,30.0,multi,True,False,0.0198019801980198,0.0198019801980198,0.0099009900990099,0.0396039603960396,1.9196870072657184,1.4055078425398977,0.0008724660528909,0.0010611049872133,-0.5141791647258207,0.0,0.029702970297029698,0.00018863893432240003,True,False
23_80,stress,0,lines,30.0,single,False,False,0.6633663366336634,0.7326732673267327,0.2772277227722772,0.2574257425742574,0.2184097262067881,0.666782653311139,0.000389750573895,0.0004344434108329,0.44837292710435084,0.06930693069306926,-0.01980198019801982,4.469283693789999e-05,False,False
23_80,stress,0,lines,1000.0,multi,False,False,0.0198019801980198,0.0099009900990099,0.0396039603960396,0.099009900990099,1.4293644685041025,1.2314210226204878,0.0287140291004184,0.0346456265366239,-0.19794344588361468,-0.0099009900990099,0.0594059405940594,0.005931597436205496,False,False
23_80,stress,0,lines,1000.0,single,False,False,0.7524752475247525,0.6336633663366337,0.2079207920792079,0.198019801980198,0.5413457545947206,0.7692837652648468,0.0130037265824871,0.0144915427144763,0.2279380106701262,-0.1188118811881188,-0.00990099009900991,0.0014878161319892003,False,False
23_80,stress,0,smooth,30.0,multi,False,False,0.0099009900990099,0.0099009900990099,0.0198019801980198,0.0396039603960396,1.5971136643506694,1.7483778739181688,0.0008735177075651,0.0010618709961475,0.15126420956749942,0.0,0.0198019801980198,0.00018835328858239988,False,False
23_80,stress,0,smooth,30.0,single,False,False,0.6039603960396039,0.7326732673267327,0.198019801980198,0.2376237623762376,0.7841434267032014,0.6916311583923641,0.0003899161440604,0.0004345947759571,-0.09251226831083725,0.12871287128712872,0.03960396039603961,4.467863189670004e-05,False,False
23_80,stress,0,smooth,1000.0,multi,True,False,0.0198019801980198,0.0495049504950495,0.0099009900990099,0.0693069306930693,1.7721868429553171,1.392377739190671,0.0287539218085883,0.0346865550374558,-0.37980910376464605,0.0297029702970297,0.0594059405940594,0.0059326332288675045,True,False
23_80,stress,0,smooth,1000.0,single,False,False,0.6831683168316832,0.594059405940594,0.2574257425742574,0.2574257425742574,0.5318002399679531,0.3562290465765297,0.0130080088161789,0.0144972814785022,-0.1755711933914234,-0.08910891089108919,0.0,0.0014892726623233002,False,False
23_80,typical,44,khz_comb,30.0,multi,False,False,0.0594059405940594,0.1188118811881188,0.2574257425742574,0.3564356435643564,0.76250421993595,0.3083314489518139,0.0029163018265491,0.0029496958704724,-0.45417277098413605,0.0594059405940594,0.09900990099009904,3.339404392329985e-05,False,False
23_80,typical,44,khz_comb,30.0,single,False,False,0.6534653465346535,0.7623762376237624,0.9306930693069309,0.9306930693069309,-1.5090525138766948,-1.4554827373690076,0.0013274293675555,0.0013503559137409,0.05356977650768724,0.1089108910891089,0.0,2.2926546185400012e-05,False,False
23_80,typical,44,khz_comb,1000.0,multi,False,False,0.0099009900990099,0.0099009900990099,0.0594059405940594,0.1683168316831683,1.8468131622256805,0.9259767945128816,0.1954572653109474,0.1830212798090494,-0.9208363677127989,0.0,0.1089108910891089,-0.012435985501898006,False,False
23_80,typical,44,khz_comb,1000.0,single,False,False,0.0495049504950495,0.3069306930693069,0.9504950495049505,0.9702970297029704,-1.4349692483612002,-2.0580448250651706,0.0629714419502896,0.0608024995274068,-0.6230755767039704,0.25742574257425743,0.01980198019801993,-0.0021689424228827983,False,False
23_80,typical,44,lines,30.0,multi,False,False,0.099009900990099,0.0792079207920792,0.4653465346534653,0.4455445544554455,0.1334574063771095,0.1121411857405008,0.0030833012300559,0.0032798578749217,-0.021316220636608707,-0.019801980198019806,-0.01980198019801982,0.00019655664486579972,False,False
23_80,typical,44,lines,30.0,single,False,False,0.6138613861386139,0.8217821782178217,0.99009900990099,0.8712871287128713,-1.7805168419130823,-1.14518622798058,0.001391914491792,0.0015021060685071,0.6353306139325023,0.20792079207920788,-0.1188118811881187,0.00011019157671509987,False,False
23_80,typical,44,lines,1000.0,multi,False,False,0.0099009900990099,0.0198019801980198,0.2574257425742574,0.1881188118811881,0.5414231450514131,0.6891307607288771,0.2063280511056938,0.2050610820417284,0.14770761567746404,0.0099009900990099,-0.06930693069306929,-0.0012669690639653952,False,False
23_80,typical,44,lines,1000.0,single,False,False,0.0495049504950495,0.3564356435643564,0.9504950495049505,0.9504950495049505,-1.2677640162688946,-1.4293633708169833,0.0661696864305922,0.0677219933939582,-0.16159935454808871,0.3069306930693069,0.0,0.0015523069633659875,False,False
23_80,typical,44,smooth,30.0,multi,False,False,0.099009900990099,0.0891089108910891,0.3663366336633663,0.495049504950495,0.4861147640668783,0.0161517012331797,0.0030821621846008,0.0032770764940919,-0.4699630628336986,-0.009900990099009896,0.12871287128712872,0.00019491430949109987,False,False
23_80,typical,44,smooth,30.0,single,False,False,0.5445544554455446,0.8514851485148515,0.9702970297029704,0.9207920792079208,-1.8049818352170437,-1.3851545232761704,0.0013913026299872,0.0015010469266136,0.4198273119408733,0.30693069306930687,-0.04950495049504955,0.00010974429662640004,False,False
23_80,typical,44,smooth,1000.0,multi,False,False,0.0099009900990099,0.0099009900990099,0.2871287128712871,0.2574257425742574,0.6448778215561142,0.6421738545096524,0.2062510478599296,0.2049748105817515,-0.002703967046461808,0.0,-0.02970297029702973,-0.001276237278178105,False,False
23_80,typical,44,smooth,1000.0,single,False,False,0.0099009900990099,0.3762376237623762,0.9801980198019802,0.9108910891089108,-1.2983234651799134,-1.834114430810469,0.0661304891181975,0.0676905840380594,-0.5357909656305557,0.3663366336633663,-0.06930693069306937,0.0015600949198619068,False,False
4_196,quiet,48,khz_comb,30.0,multi,False,False,0.2772277227722772,0.1089108910891089,0.1485148514851485,0.3366336633663366,1.0051352206533912,0.4439253160439,0.0003507043825724,0.0004627450679874,-0.5612099046094912,-0.1683168316831683,0.1881188118811881,0.00011204068541499998,False,False
4_196,quiet,48,khz_comb,30.0,single,False,False,0.7623762376237624,0.8712871287128713,0.8217821782178217,0.5445544554455446,-0.8285464113277604,-0.1578704167786238,4.7871410441100096e-05,4.433070939357832e-05,0.6706759945491366,0.1089108910891089,-0.27722772277227714,-3.5407010475217748e-06,False,False
4_196,quiet,48,khz_comb,1000.0,multi,False,False,0.1584158415841584,0.0495049504950495,0.3663366336633663,0.5742574257425742,0.4959913497992714,-0.1762401422710333,0.0128247348423253,0.0169006191899212,-0.6722314920703047,-0.1089108910891089,0.20792079207920794,0.004075884347595898,False,False
4_196,quiet,48,khz_comb,1000.0,single,False,False,0.8118811881188119,0.9207920792079208,0.7821782178217822,0.5742574257425742,-0.7772458573242186,-0.1328023124082907,0.0015897094418824,0.0014682392029179,0.6444435449159278,0.1089108910891089,-0.207920792079208,-0.00012147023896449992,False,False
4_196,quiet,48,lines,30.0,multi,False,False,0.3069306930693069,0.0792079207920792,0.3168316831683168,0.594059405940594,0.672211693019586,-0.2045761827878083,0.0003765862274838,0.000541830292901,-0.8767878758073944,-0.22772277227722773,0.27722772277227725,0.00016524406541719997,False,False
4_196,quiet,48,lines,30.0,single,False,False,0.7227722772277227,0.8514851485148515,0.99009900990099,0.9108910891089108,-1.1279096693014723,-0.9362218020281928,5.145232868436908e-05,4.741448407079925e-05,0.19168786727327947,0.12871287128712872,-0.07920792079207917,-4.0378446135698275e-06,False,False
4_196,quiet,48,lines,1000.0,multi,False,False,0.0594059405940594,0.0198019801980198,0.4851485148514851,0.7029702970297029,0.0461079866230267,-0.6515754480354589,0.0137039310218931,0.0201405862574199,-0.6976834346584856,-0.039603960396039604,0.21782178217821785,0.006436655235526801,False,False
4_196,quiet,48,lines,1000.0,single,False,False,0.801980198019802,0.9702970297029704,1.0,0.9801980198019802,-2.0514392871249094,-1.1358063490168404,0.0017075721882243,0.0015685640596122,0.915632938108069,0.16831683168316836,-0.01980198019801982,-0.00013900812861209985,False,False
4_196,quiet,48,smooth,30.0,multi,False,False,0.3564356435643564,0.0396039603960396,0.2871287128712871,0.5148514851485149,0.6535405777940823,-0.0250972550011726,0.0003763756385644,0.0005418366948844,-0.6786378327952548,-0.31683168316831684,0.22772277227722776,0.00016546105631999998,False,False
4_196,quiet,48,smooth,30.0,single,False,False,0.7227722772277227,0.8118811881188119,0.99009900990099,0.900990099009901,-1.107116413794843,-0.7282120935039958,5.14658191404256e-05,4.737486953306472e-05,0.3789043202908472,0.08910891089108919,-0.08910891089108897,-4.090949607360874e-06,False,False
4_196,quiet,48,smooth,1000.0,multi,False,False,0.0891089108910891,0.0396039603960396,0.4752475247524752,0.7722772277227723,0.0629519831797657,-0.6180481299952308,0.013693833402714,0.0201533873575581,-0.6810001131749965,-0.04950495049504951,0.29702970297029707,0.0064595539548440994,False,False
4_196,quiet,48,smooth,1000.0,single,False,False,0.7821782178217822,0.9108910891089108,1.0,0.9405940594059404,-1.3049111550676096,-0.9571982737089648,0.0017078546652032,0.0015675696199472,0.34771288135864475,0.1287128712871286,-0.05940594059405957,-0.0001402850452560001,False,False
4_196,stress,0,khz_comb,30.0,multi,False,False,0.0297029702970297,0.0099009900990099,0.3762376237623762,0.2079207920792079,0.2642704657738239,0.9682738671209652,0.0017288472707451,0.0020613204265885,0.7040034013471412,-0.019801980198019802,-0.16831683168316827,0.00033247315584339983,False,False
4_196,stress,0,khz_comb,30.0,single,False,False,0.5544554455445545,0.5445544554455446,0.0891089108910891,0.0891089108910891,0.8403605043844649,1.0939619521688255,0.0002865545931833,0.0003336029696064,0.25360144778436067,-0.00990099009900991,0.0,4.7048376423099994e-05,False,False
4_196,stress,0,khz_comb,1000.0,multi,False,False,0.0198019801980198,0.0099009900990099,0.3069306930693069,0.2772277227722772,0.4350018682827766,0.5927445121388756,0.0607432478378522,0.0743929154869547,0.15774264385609899,-0.0099009900990099,-0.02970297029702973,0.013649667649102505,False,False
4_196,stress,0,khz_comb,1000.0,single,False,False,0.6237623762376238,0.6138613861386139,0.0198019801980198,0.0198019801980198,1.0573980637485552,1.0144553968834809,0.0095661059892355,0.0112106825693993,-0.04294266686507431,-0.00990099009900991,0.0,0.0016445765801638007,False,False
4_196,stress,0,lines,30.0,multi,False,False,0.0099009900990099,0.0099009900990099,0.2277227722772277,0.1386138613861386,0.7148203373373757,1.0440553045101968,0.0018995590794941,0.0023739161772471,0.3292349671728211,0.0,-0.0891089108910891,0.00047435709775300004,False,False
4_196,stress,0,lines,30.0,single,False,False,0.6039603960396039,0.6138613861386139,0.3366336633663366,0.2178217821782178,0.1983053547634824,0.6260544066987669,0.0003194422415397,0.0003835366364619,0.42774905193528445,0.00990099009900991,-0.1188118811881188,6.409439492220003e-05,False,False
4_196,stress,0,lines,1000.0,multi,False,False,0.0099009900990099,0.0198019801980198,0.297029702970297,0.2871287128712871,0.5169462843985609,0.4600715011025668,0.0669341285220238,0.0875957221477793,-0.05687478329599416,0.0099009900990099,-0.00990099009900991,0.02066159362575551,False,False
4_196,stress,0,lines,1000.0,single,False,False,0.5841584158415841,0.6237623762376238,0.2673267326732673,0.2079207920792079,0.3695606322313071,0.6448916836161191,0.0106733169983467,0.0129126301599376,0.27533105138481206,0.03960396039603964,-0.059405940594059375,0.0022393131615908984,False,False
4_196,stress,0,smooth,30.0,multi,False,False,0.0198019801980198,0.0198019801980198,0.1485148514851485,0.1287128712871287,0.7962111606417389,0.9008290304932224,0.001900091598735,0.0023741330947551,0.10461786985148347,0.0,-0.01980198019801982,0.0004740414960201001,False,False
4_196,stress,0,smooth,30.0,single,False,False,0.5742574257425742,0.6237623762376238,0.3366336633663366,0.198019801980198,0.2982003239331584,0.6623688023905002,0.0003192094252839,0.0003832821798244,0.36416847845734185,0.04950495049504955,-0.1386138613861386,6.407275454049999e-05,False,False
4_196,stress,0,smooth,1000.0,multi,False,False,0.0099009900990099,0.0099009900990099,0.2475247524752475,0.3168316831683168,0.6630928943306353,0.4802860026691288,0.0669359766884876,0.0876073758946395,-0.18280689166150654,0.0,0.06930693069306929,0.020671399206151908,False,False
4_196,stress,0,smooth,1000.0,single,False,False,0.5346534653465347,0.5346534653465347,0.3168316831683168,0.1386138613861386,0.3570709427239242,0.7950041915767289,0.0106659205934635,0.012904225240787,0.43793324885280466,0.0,-0.17821782178217818,0.0022383046473235003,False,False
4_196,typical,53,khz_comb,30.0,multi,False,False,0.1386138613861386,0.198019801980198,0.0297029702970297,0.3168316831683168,1.2880436392472026,0.3745524248899919,0.0135650454089216,0.0135098838621802,-0.9134912143572107,0.0594059405940594,0.28712871287128705,-5.5161546741398435e-05,False,False
4_196,typical,53,khz_comb,30.0,single,False,False,0.5346534653465347,0.5643564356435643,0.2475247524752475,0.6435643564356436,0.6208234810266721,-0.5676529376506642,0.0067220927472966,0.0067585857041465,-1.1884764186773362,0.02970297029702962,0.39603960396039606,3.649295684989961e-05,False,False
4_196,typical,53,khz_comb,1000.0,multi,False,False,0.0495049504950495,0.0396039603960396,0.396039603960396,0.0891089108910891,0.3666575987719267,1.601107899899218,3.4911002712287327,3.11935661084168,1.2344503011272914,-0.009900990099009903,-0.30693069306930687,-0.37174366038705253,False,False
4_196,typical,53,khz_comb,1000.0,single,False,False,0.5643564356435643,0.5742574257425742,0.5346534653465347,0.6435643564356436,-0.0926427599090084,-0.4500172511976445,0.8419099635012619,0.7420306881721951,-0.35737449128863613,0.00990099009900991,0.1089108910891089,-0.09987927532906682,False,False
4_196,typical,53,lines,30.0,multi,False,False,0.1089108910891089,0.1386138613861386,0.0495049504950495,0.3465346534653465,1.1607228326675492,0.3836759531207104,0.0138288779282459,0.0143343653041421,-0.7770468795468388,0.0297029702970297,0.297029702970297,0.0005054873758962002,False,False
4_196,typical,53,lines,30.0,single,False,False,0.4356435643564356,0.6534653465346535,0.297029702970297,0.7029702970297029,0.4161918885716635,-0.7003170988310529,0.0068850959402069,0.0071533403969592,-1.1165089874027163,0.2178217821782179,0.4059405940594059,0.0002682444567523,False,False
4_196,typical,53,lines,1000.0,multi,False,False,0.0198019801980198,0.0198019801980198,0.0891089108910891,0.0693069306930693,1.6255544043110737,1.3222589938782152,3.6429008513319503,3.491241559561685,-0.30329541043285846,0.0,-0.019801980198019806,-0.15165929177026527,False,False
4_196,typical,53,lines,1000.0,single,False,False,0.5148514851485149,0.6039603960396039,0.4356435643564356,0.7425742574257426,0.0676366300148746,-0.5818292297772977,0.8809347747076993,0.8249703075072025,-0.6494658597921723,0.08910891089108908,0.306930693069307,-0.05596446720049686,False,False
4_196,typical,53,smooth,30.0,multi,False,False,0.1287128712871287,0.2376237623762376,0.0594059405940594,0.3465346534653465,1.4443775157464236,0.4368015582259775,0.0138226317300116,0.014331644009032,-1.0075759575204462,0.10891089108910892,0.2871287128712871,0.0005090122790204002,False,False
4_196,typical,53,smooth,30.0,single,False,False,0.4653465346534653,0.5544554455445545,0.4257425742574257,0.6237623762376238,0.1202713869686601,-0.2653099241806769,0.0068821887572305,0.0071517207261207,-0.385581311149337,0.08910891089108919,0.19801980198019808,0.00026953196889020065,False,False
4_196,typical,53,smooth,1000.0,multi,False,False,0.0396039603960396,0.0396039603960396,0.1386138613861386,0.1089108910891089,1.3453009237933231,1.118696602334943,3.640502746433679,3.49017034457101,-0.22660432145838016,0.0,-0.0297029702970297,-0.15033240186266905,False,False
4_196,typical,53,smooth,1000.0,single,False,False,0.5742574257425742,0.5247524752475248,0.4752475247524752,0.7425742574257426,0.1518098957499497,-0.5527395724801668,0.8802408874598141,0.8242049180736595,-0.7045494682301165,-0.04950495049504944,0.26732673267326734,-0.05603596938615463,False,False
4_76,quiet,17,khz_comb,30.0,multi,False,False,0.7326732673267327,0.0099009900990099,0.3366336633663366,0.0594059405940594,0.3758731505787012,1.8288054319593088,0.0002970983469133,0.0004669387603177,1.4529322813806076,-0.7227722772277227,-0.2772277227722772,0.0001698404134044,False,False
4_76,quiet,17,khz_comb,30.0,single,False,False,0.8712871287128713,0.7128712871287128,0.4356435643564356,0.0396039603960396,0.2171811712415564,1.064954209906853,0.0002779936455346,0.0003113645095013,0.8477730386652966,-0.15841584158415845,-0.396039603960396,3.337086396670001e-05,False,False
4_76,quiet,17,khz_comb,1000.0,multi,False,False,0.5742574257425742,0.0693069306930693,0.3564356435643564,0.0693069306930693,0.5078268820303283,1.770097244581184,0.0118977985964426,0.0185534597288394,1.2622703625508556,-0.504950495049505,-0.2871287128712871,0.0066556611323968,False,False
4_76,quiet,17,khz_comb,1000.0,single,False,False,0.5148514851485149,0.4158415841584158,0.4554455445544554,0.2079207920792079,0.2440474923364351,1.061109617202384,0.0114688563440448,0.0144522318520388,0.8170621248659489,-0.09900990099009904,-0.2475247524752475,0.002983375507993999,False,False
4_76,quiet,17,lines,30.0,multi,False,False,0.693069306930693,0.0099009900990099,0.3564356435643564,0.0396039603960396,0.6286192445236642,1.6575422149297028,0.0003153549230172,0.0005418396343778,1.0289229704060385,-0.6831683168316831,-0.31683168316831684,0.00022648471136059998,False,False
4_76,quiet,17,lines,30.0,single,False,False,0.9108910891089108,0.6237623762376238,0.594059405940594,0.1386138613861386,-0.3570568830332521,1.050984285285549,0.0002939014329661,0.0003486027062419,1.4080411683188012,-0.28712871287128705,-0.4554455445544554,5.470127327580004e-05,False,False
4_76,quiet,17,lines,1000.0,multi,False,False,0.6039603960396039,0.1386138613861386,0.3663366336633663,0.1089108910891089,0.3581057692691851,1.5507027008007717,0.0127943294480615,0.0222654247563128,1.1925969315315865,-0.4653465346534653,-0.2574257425742574,0.0094710953082513,False,False
4_76,quiet,17,lines,1000.0,single,False,False,0.5544554455445545,0.396039603960396,0.4356435643564356,0.198019801980198,0.240404738271612,1.020481140889766,0.0123432674037459,0.0174990543567645,0.780076402618154,-0.1584158415841585,-0.23762376237623759,0.0051557869530186005,False,False
4_76,quiet,17,smooth,30.0,multi,False,False,0.7623762376237624,0.0099009900990099,0.2871287128712871,0.0297029702970297,0.6692790373980347,1.3806283021556929,0.000315554538688,0.0005417929694788,0.7113492647576581,-0.7524752475247525,-0.25742574257425743,0.00022623843079080003,False,False
4_76,quiet,17,smooth,30.0,single,False,False,0.9108910891089108,0.6435643564356436,0.6534653465346535,0.1782178217821782,-0.2431241414217291,1.0220907251289053,0.000294054943187,0.0003485950968971,1.2652148665506344,-0.26732673267326723,-0.4752475247524753,5.454015371009999e-05,False,False
4_76,quiet,17,smooth,1000.0,multi,False,False,0.5445544554455446,0.1683168316831683,0.297029702970297,0.1485148514851485,0.7651764061237167,1.3400302035406215,0.0128058604835056,0.0222735476397981,0.5748537974169048,-0.3762376237623763,-0.1485148514851485,0.0094676871562925,False,False
4_76,quiet,17,smooth,1000.0,single,False,False,0.504950495049505,0.3762376237623762,0.4158415841584158,0.2277227722772277,0.1878253380017913,0.7840978781858747,0.0123604322618539,0.0175107443240391,0.5962725401840834,-0.12871287128712877,-0.18811881188118812,0.005150312062185199,False,False
4_76,stress,0,khz_comb,30.0,multi,False,False,0.0099009900990099,0.099009900990099,0.1485148514851485,0.3069306930693069,1.162473047665019,0.5983415199895835,0.0155242900157387,0.0169355710244362,-0.5641315276754354,0.0891089108910891,0.15841584158415842,0.0014112810086974997,False,False
4_76,stress,0,khz_comb,30.0,single,False,False,0.8217821782178217,0.8712871287128713,0.9801980198019802,0.7920792079207921,-1.1995222593983896,-0.5843421021238403,0.0070065268202496,0.0076820566866232,0.6151801572745493,0.04950495049504955,-0.18811881188118806,0.0006755298663735998,False,False
4_76,stress,0,khz_comb,1000.0,multi,False,False,0.4158415841584158,0.5445544554455446,0.4158415841584158,0.504950495049505,0.2212869667884883,0.0093639063596928,1.2454419135898451,1.5648509064197036,-0.2119230604287955,0.12871287128712877,0.08910891089108913,0.31940899282985846,False,False
4_76,stress,0,khz_comb,1000.0,single,False,False,0.9405940594059404,0.7326732673267327,0.9603960396039604,1.0,-2.4824225387591263,-2.661431587188828,0.4163562897319518,0.8425845426907044,-0.17900904842970178,-0.20792079207920777,0.03960396039603964,0.42622825295875255,False,False
4_76,stress,0,lines,30.0,multi,False,False,0.0099009900990099,0.1089108910891089,0.3267326732673267,0.3861386138613861,0.4808760935933318,0.3422202237475606,0.0171367663969066,0.0192752397080327,-0.13865586984577116,0.099009900990099,0.0594059405940594,0.0021384733111261024,False,False
4_76,stress,0,lines,30.0,single,False,False,0.8613861386138614,0.900990099009901,0.900990099009901,0.7722772277227723,-0.9721679278848347,-0.6671082440197063,0.0077728010767959,0.0087545254202522,0.3050596838651285,0.03960396039603964,-0.12871287128712872,0.0009817243434563005,False,False
4_76,stress,0,lines,1000.0,multi,False,False,0.3861386138613861,0.5742574257425742,0.504950495049505,0.6138613861386139,0.0291751962588156,-0.2953396471922682,1.4070623890101308,2.0609710146136164,-0.3245148434510838,0.18811881188118812,0.1089108910891089,0.6539086256034856,False,False
4_76,stress,0,lines,1000.0,single,False,False,0.7722772277227723,0.7920792079207921,0.9108910891089108,0.99009900990099,-1.823589370002582,-1.802547043204206,0.5082914714495479,1.1807005987573518,0.021042326798376143,0.01980198019801982,0.07920792079207917,0.6724091273078039,False,False
4_76,stress,0,smooth,30.0,multi,False,False,0.0099009900990099,0.1683168316831683,0.3762376237623762,0.4257425742574257,0.3477769528515036,0.1361812599109153,0.0171157167373483,0.0192397666917098,-0.21159569294058833,0.1584158415841584,0.04950495049504949,0.002124049954361499,False,False
4_76,stress,0,smooth,30.0,single,False,False,0.8910891089108911,0.8613861386138614,0.8514851485148515,0.7326732673267327,-0.7800052169271411,-0.5625098959686147,0.007763188764743,0.0087448462182086,0.21749532095852642,-0.02970297029702973,-0.1188118811881188,0.0009816574534655996,False,False
4_76,stress,0,smooth,1000.0,multi,False,False,0.4158415841584158,0.5742574257425742,0.4455445544554455,0.6138613861386139,0.1387433995370122,-0.2722068174774916,1.4065210199499538,2.059697105067715,-0.4109502170145038,0.1584158415841584,0.16831683168316836,0.653176085117761,False,False
4_76,stress,0,smooth,1000.0,single,False,False,0.693069306930693,0.7326732673267327,0.8910891089108911,1.0,-1.1159631015072298,-1.6685144916544672,0.5087816882532703,1.1813248453865128,-0.5525513901472374,0.03960396039603964,0.1089108910891089,0.6725431571332425,False,False
4_76,typical,33,khz_comb,30.0,multi,False,False,0.0099009900990099,0.099009900990099,0.3168316831683168,0.2772277227722772,0.4887138528442611,0.6627543500510193,0.0008621288638677,0.0011062374490407,0.17404049720675824,0.0891089108910891,-0.039603960396039584,0.00024410858517299994,False,False
4_76,typical,33,khz_comb,30.0,single,False,False,0.2178217821782178,0.0792079207920792,0.3366336633663366,0.3663366336633663,0.698312924114919,0.3654439617332558,0.0001362883857137,0.0001532346719985,-0.3328689623816632,-0.1386138613861386,0.029702970297029674,1.6946286284800008e-05,False,False
4_76,typical,33,khz_comb,1000.0,multi,False,False,0.0594059405940594,0.0495049504950495,0.1782178217821782,0.198019801980198,1.4485482201167823,0.908166216038786,0.0311401658365432,0.0434650853726256,-0.5403820040779963,-0.009900990099009903,0.019801980198019792,0.012324919536082397,False,False
4_76,typical,33,khz_comb,1000.0,single,False,False,0.1782178217821782,0.1386138613861386,0.2376237623762376,0.3366336633663366,1.3219558187571845,1.4817426501171616,0.0049029106620268,0.0055347507224284,0.15978683135997707,-0.03960396039603961,0.09900990099009899,0.0006318400604016002,False,False
4_76,typical,33,lines,30.0,multi,False,False,0.0594059405940594,0.1089108910891089,0.5445544554455446,0.3366336633663366,-0.132152094491997,0.3790407624773032,0.0009004869601539,0.0012630728351207,0.5111928569693002,0.04950495049504949,-0.207920792079208,0.0003625858749668001,False,False
4_76,typical,33,lines,30.0,single,False,False,0.2772277227722772,0.1782178217821782,0.4356435643564356,0.4653465346534653,0.1146428225047581,0.1237651038193315,0.0001452087172505,0.0001679169804857,0.009122281314573405,-0.09900990099009899,0.02970297029702973,2.2708263235199995e-05,False,False
4_76,typical,33,lines,1000.0,multi,False,False,0.0297029702970297,0.0495049504950495,0.396039603960396,0.396039603960396,0.2647008125529683,0.3139153604091053,0.0341401748780149,0.0541645890140861,0.04921454785613699,0.0198019801980198,0.0,0.0200244141360712,False,False
4_76,typical,33,lines,1000.0,single,False,False,0.1584158415841584,0.0594059405940594,0.2772277227722772,0.2871287128712871,0.9563309913630502,2.060447632893671,0.0053119924786369,0.0062374751486849,1.104116641530621,-0.09900990099009899,0.00990099009900991,0.0009254826700479998,False,False
4_76,typical,33,smooth,30.0,multi,False,False,0.0792079207920792,0.0792079207920792,0.5247524752475248,0.504950495049505,-0.0347843460490641,-0.0118136463456362,0.0009007516007582,0.0012640594722789,0.0229706997034279,0.0,-0.01980198019801982,0.0003633078715206999,False,False
4_76,typical,33,smooth,30.0,single,False,False,0.2871287128712871,0.2475247524752475,0.3762376237623762,0.504950495049505,0.3216058336903993,0.0014563528599015,0.0001452400950333,0.0001680016074546,-0.3201494808304978,-0.03960396039603961,0.12871287128712877,2.2761512421299993e-05,False,False
4_76,typical,33,smooth,1000.0,multi,False,False,0.0198019801980198,0.0495049504950495,0.2673267326732673,0.3267326732673267,0.8682675370323666,0.6607023856206676,0.0341479860257148,0.0542015579344526,-0.20756515141169896,0.0297029702970297,0.0594059405940594,0.020053571908737806,False,False
4_76,typical,33,smooth,1000.0,single,False,False,0.0891089108910891,0.0693069306930693,0.3564356435643564,0.3168316831683168,0.5067151798748961,1.732565749559846,0.0053132268058164,0.0062382446204784,1.22585056968495,-0.019801980198019806,-0.03960396039603964,0.0009250178146620004,False,False
82_0,quiet,17,khz_comb,30.0,multi,False,False,1.0,0.3366336633663366,0.99009900990099,1.0,-2.060593058710233,-2.702812492363957,0.0001045030507186,0.0002668536314885,-0.6422194336537239,-0.6633663366336634,0.00990099009901002,0.00016235058076990002,False,False
82_0,quiet,17,khz_comb,30.0,single,False,False,0.4158415841584158,0.1683168316831683,0.6831683168316832,0.8910891089108911,-0.5387075913069999,-0.7479997753109326,5.1393977012252365e-05,5.285648707560889e-05,-0.2092921840039328,-0.24752475247524752,0.20792079207920788,1.4625100633565218e-06,False,False
82_0,quiet,17,khz_comb,1000.0,multi,False,False,0.9405940594059404,0.2574257425742574,0.99009900990099,1.0,-2.4345212533178544,-2.657630746391168,0.0035543515269153,0.0089963914388325,-0.22310949307331374,-0.6831683168316831,0.00990099009901002,0.005442039911917199,False,False
82_0,quiet,17,khz_comb,1000.0,single,False,False,0.3069306930693069,0.2475247524752475,0.6633663366336634,0.8910891089108911,-0.3331815193607766,-0.8219235897896334,0.0017519877466083,0.0017685675504834,-0.4887420704288568,-0.05940594059405943,0.2277227722772277,1.6579803875100023e-05,False,False
82_0,quiet,17,lines,30.0,multi,False,False,0.9603960396039604,0.2772277227722772,0.9801980198019802,1.0,-1.994344748978596,-2.5527052912367303,0.0001198355210648,0.00032225022475,-0.5583605422581344,-0.6831683168316831,0.01980198019801982,0.00020241470368520003,False,False
82_0,quiet,17,lines,30.0,single,False,False,0.3465346534653465,0.1782178217821782,0.6831683168316832,0.7821782178217822,-0.5106826634494822,-0.7258081432616125,5.076443775118214e-05,5.605347949478851e-05,-0.21512547981213026,-0.1683168316831683,0.09900990099009899,5.2890417436063706e-06,False,False
82_0,quiet,17,lines,1000.0,multi,False,False,0.9702970297029704,0.2673267326732673,1.0,1.0,-1.6308328392304985,-2.6003468882593213,0.0040712103428503,0.0108623546772157,-0.9695140490288228,-0.7029702970297032,0.0,0.0067911443343654,False,False
82_0,quiet,17,lines,1000.0,single,False,False,0.2772277227722772,0.2376237623762376,0.6138613861386139,0.7425742574257426,-0.44020900356993,-0.7508322633192055,0.0017291877186961,0.0018713380364398,-0.3106232597492755,-0.039603960396039584,0.12871287128712872,0.00014215031774370002,False,False
82_0,quiet,17,smooth,30.0,multi,False,False,0.9702970297029704,0.2772277227722772,0.99009900990099,1.0,-2.3999721984221423,-2.9069527312715358,0.000119399547627,0.0003225534241565,-0.5069805328493935,-0.6930693069306932,0.00990099009901002,0.00020315387652950002,False,False
82_0,quiet,17,smooth,30.0,single,False,False,0.3366336633663366,0.1584158415841584,0.6732673267326733,0.7920792079207921,-0.4901280825683758,-0.8255341127293865,5.079263007968212e-05,5.607311564500766e-05,-0.33540603016101067,-0.1782178217821782,0.1188118811881188,5.280485565325541e-06,False,False
82_0,quiet,17,smooth,1000.0,multi,False,False,0.9504950495049505,0.2277227722772277,1.0,1.0,-1.8494403115652325,-2.881631145623057,0.0040582327445068,0.0108753539129922,-1.0321908340578247,-0.7227722772277227,0.0,0.0068171211684854,False,False
82_0,quiet,17,smooth,1000.0,single,False,False,0.2772277227722772,0.2574257425742574,0.693069306930693,0.8118811881188119,-0.6075538860007659,-0.7772575263946034,0.0017300727392844,0.001871854987194,-0.16970364039383756,-0.01980198019801982,0.11881188118811892,0.00014178224790959999,False,False
82_0,stress,64,khz_comb,30.0,multi,False,False,0.0891089108910891,0.0594059405940594,0.4257425742574257,0.3366336633663366,0.2095748286944539,0.5087532519412555,0.0015056903285401,0.0020017899284186,0.29917842324680166,-0.0297029702970297,-0.08910891089108908,0.0004960995998785002,False,False
82_0,stress,64,khz_comb,30.0,single,True,False,0.0495049504950495,0.4059405940594059,0.0099009900990099,0.0297029702970297,3.239242177128514,2.0872161855740217,1.3484492127843212e-05,1.2015525465265674e-05,-1.1520259915544924,0.3564356435643564,0.019801980198019802,-1.4689666625775378e-06,True,False
82_0,stress,64,khz_comb,1000.0,multi,False,False,0.1584158415841584,0.0594059405940594,0.4356435643564356,0.495049504950495,0.2088210626011976,0.0289309648975718,0.0503984018130769,0.0668226314537338,-0.1798900977036258,-0.09900990099009899,0.0594059405940594,0.016424229640656894,False,False
82_0,stress,64,khz_comb,1000.0,single,True,False,0.0891089108910891,0.3564356435643564,0.0099009900990099,0.0891089108910891,4.262304156572381,1.1670953199785794,0.0004496086808942,0.000400572278174,-3.0952088365938017,0.26732673267326734,0.07920792079207921,-4.903640272020004e-05,True,False
82_0,stress,64,lines,30.0,multi,False,False,0.1782178217821782,0.0792079207920792,0.4158415841584158,0.3762376237623762,0.1211852600199108,0.3620181926384585,0.0015654841948174,0.0023005937119437,0.2408329326185477,-0.09900990099009901,-0.03960396039603964,0.0007351095171262997,False,False
82_0,stress,64,lines,30.0,single,False,False,0.0495049504950495,0.297029702970297,0.0198019801980198,0.0396039603960396,3.2835851148105477,1.35205920252173,1.4236000750710062e-05,1.191634514615976e-05,-1.9315259122888178,0.24752475247524752,0.0198019801980198,-2.3196556045503024e-06,False,False
82_0,stress,64,lines,1000.0,multi,False,False,0.198019801980198,0.0495049504950495,0.4752475247524752,0.4554455445544554,0.1395442090499877,0.0411265281135474,0.0523530266780428,0.0767243777843069,-0.09841768093644031,-0.1485148514851485,-0.01980198019801982,0.024371351106264094,False,False
82_0,stress,64,lines,1000.0,single,True,False,0.0099009900990099,0.3267326732673267,0.0099009900990099,0.0198019801980198,5.798983575823957,1.6946807183228634,0.0004746759426077,0.0003972602596007,-4.104302857501094,0.3168316831683168,0.0099009900990099,-7.741568300699997e-05,True,False
82_0,stress,64,smooth,30.0,multi,False,False,0.1485148514851485,0.0594059405940594,0.4455445544554455,0.3663366336633663,0.160553896648836,0.3758610432615973,0.0015661504134243,0.0023011342605661,0.21530714661276132,-0.0891089108910891,-0.07920792079207922,0.0007349838471418001,False,False
82_0,stress,64,smooth,30.0,single,True,False,0.0792079207920792,0.3564356435643564,0.0099009900990099,0.0198019801980198,3.796204012114453,1.386251777688586,1.4224569927633051e-05,1.1913220759708453e-05,-2.409952234425867,0.27722772277227725,0.0099009900990099,-2.3113491679245987e-06,True,False
82_0,stress,64,smooth,1000.0,multi,False,False,0.1386138613861386,0.099009900990099,0.4356435643564356,0.5247524752475248,0.2125903001323694,-0.0407866747012497,0.0523771038243863,0.0767456724160756,-0.2533769748336191,-0.0396039603960396,0.08910891089108919,0.02436856859168931,False,False
82_0,stress,64,smooth,1000.0,single,False,False,0.0693069306930693,0.2475247524752475,0.0198019801980198,0.0198019801980198,2.513296598816177,1.735163667618636,0.0004742948931543,0.0003971565356575,-0.7781329311975411,0.1782178217821782,0.0,-7.713835749680005e-05,False,False
82_0,typical,18,khz_comb,30.0,multi,True,False,0.0099009900990099,0.099009900990099,0.0099009900990099,0.0297029702970297,3.925272809602105,2.9046756319867817,0.0008041691820847,0.0007328235566187,-1.0205971776153233,0.0891089108910891,0.019801980198019802,-7.134562546600007e-05,True,False
82_0,typical,18,khz_comb,30.0,single,False,False,0.3663366336633663,0.3069306930693069,0.1881188118811881,0.2277227722772277,0.8739533477278993,0.6732651838782312,0.0001959596999156,0.0002034884993408,-0.20068816384966814,-0.05940594059405935,0.03960396039603961,7.528799425200001e-06,False,False
82_0,typical,18,khz_comb,1000.0,multi,True,False,0.0099009900990099,0.1089108910891089,0.0099009900990099,0.0297029702970297,3.5691285005918,2.1184010821755623,0.0268187098964265,0.0246568015582462,-1.4507274184162378,0.099009900990099,0.019801980198019802,-0.0021619083381803003,True,False
82_0,typical,18,khz_comb,1000.0,single,False,False,0.3762376237623762,0.2772277227722772,0.2178217821782178,0.2673267326732673,0.5915693149938938,0.5517847315850838,0.00653445602602,0.0067797124196552,-0.03978458340880997,-0.09900990099009899,0.04950495049504949,0.0002452563936352001,False,False
82_0,typical,18,lines,30.0,multi,False,False,0.0099009900990099,0.2376237623762376,0.0297029702970297,0.099009900990099,3.5037257750453024,1.9514448725339917,0.0007906733480079,0.0007722682994317,-1.5522809025113107,0.2277227722772277,0.0693069306930693,-1.8405048576200012e-05,False,False
82_0,typical,18,lines,30.0,single,False,False,0.4554455445544554,0.3069306930693069,0.2475247524752475,0.3465346534653465,0.6524615575562807,0.4883718149686508,0.0002098809210782,0.0002230838453568,-0.16408974258762987,-0.14851485148514848,0.09900990099009901,1.32029242786e-05,False,False
82_0,typical,18,lines,1000.0,multi,False,False,0.0099009900990099,0.1386138613861386,0.0297029702970297,0.0297029702970297,2.615189795801223,2.046127768291882,0.0263651338710324,0.0262007242003055,-0.5690620275093412,0.1287128712871287,0.0,-0.00016440967072690188,False,False
82_0,typical,18,lines,1000.0,single,False,False,0.4059405940594059,0.2772277227722772,0.2871287128712871,0.3366336633663366,0.3805995218778066,0.4018417837754784,0.0070072205748075,0.0074590497874789,0.02124226189767181,-0.12871287128712872,0.04950495049504949,0.0004518292126714004,False,False
82_0,typical,18,smooth,30.0,multi,False,False,0.0099009900990099,0.1683168316831683,0.0198019801980198,0.1089108910891089,3.5811409536486,1.8137468270566024,0.0007899374514172,0.000772521954101,-1.7673941265919977,0.1584158415841584,0.0891089108910891,-1.741549731619995e-05,False,False
82_0,typical,18,smooth,30.0,single,False,False,0.4752475247524752,0.3663366336633663,0.3366336633663366,0.297029702970297,0.2816448983533849,0.6583828553412728,0.0002094964980662,0.0002226241621849,0.3767379569878879,-0.10891089108910895,-0.039603960396039584,1.3127664118699987e-05,False,False
82_0,typical,18,smooth,1000.0,multi,False,False,0.0099009900990099,0.1584158415841584,0.0198019801980198,0.099009900990099,3.070696285771669,1.7055540188796976,0.0263375396327667,0.0261962047268316,-1.3651422668919713,0.14851485148514848,0.0792079207920792,-0.00014133490593510115,False,False
82_0,typical,18,smooth,1000.0,single,False,False,0.495049504950495,0.3168316831683168,0.3564356435643564,0.2871287128712871,0.7729451018724302,0.4006087605595881,0.0069957925368124,0.0074466704609132,-0.37233634131284205,-0.1782178217821782,-0.06930693069306931,0.0004508779241007999,False,False
