case,baseline_id,lst_stratum,lst_bin_id,beam,paired_beam,morphology,flux_jy,multiplicity,residual_model,sigma_cal,ell_nu_mhz,doppler_mode,PTE_max_1000,B_rel,PTE_absint_1000,paired_PTE_max_1000,paired_B_rel,paired_PTE_absint_1000,final_class,primary_seed,paired_seed,seed
1,82_0,typical,18,frozen_polybeam,full_polybeam,khz_comb,1000.0,multi,white,0.0,,linear,0.003996003996003996,0.026818249222249697,0.000999000999000999,0.011988011988011988,0.024656115540378925,0.1068931068931069,beam-sensitive candidate,20271010,20271214,10
1,82_0,typical,18,frozen_polybeam,full_polybeam,khz_comb,1000.0,multi,white,0.0001,,linear,0.003996003996003996,0.026819004517662833,0.000999000999000999,0.011988011988011988,0.024656708860455283,0.1068931068931069,beam-sensitive candidate,20271010,20271214,10
1,82_0,typical,18,frozen_polybeam,full_polybeam,khz_comb,1000.0,multi,white,0.001,,linear,0.003996003996003996,0.02683008364050048,0.000999000999000999,0.011988011988011988,0.02466563936844681,0.1068931068931069,beam-sensitive candidate,20271010,20271214,10
1,82_0,typical,18,frozen_polybeam,full_polybeam,khz_comb,1000.0,multi,white,0.01,,linear,0.003996003996003996,0.02693757669370318,0.000999000999000999,0.011988011988011988,0.0247738047622289,0.1048951048951049,beam-sensitive candidate,20271010,20271214,10
1,82_0,typical,18,frozen_polybeam,full_polybeam,khz_comb,1000.0,multi,smooth,0.0,0.5,linear,0.003996003996003996,0.026818249222249697,0.000999000999000999,0.011988011988011988,0.024656115540378925,0.1068931068931069,beam-sensitive candidate,20271010,20271214,10
1,82_0,typical,18,frozen_polybeam,full_polybeam,khz_comb,1000.0,multi,smooth,0.0,1.0,linear,0.003996003996003996,0.026818249222249697,0.000999000999000999,0.011988011988011988,0.024656115540378925,0.1068931068931069,beam-sensitive candidate,20271010,20271214,10
1,82_0,typical,18,frozen_polybeam,full_polybeam,khz_comb,1000.0,multi,smooth,0.0,5.0,linear,0.003996003996003996,0.026818249222249697,0.000999000999000999,0.011988011988011988,0.024656115540378925,0.1068931068931069,beam-sensitive candidate,20271010,20271214,10
1,82_0,typical,18,frozen_polybeam,full_polybeam,khz_comb,1000.0,multi,smooth,0.0001,0.5,linear,0.003996003996003996,0.026820956126936506,0.000999000999000999,0.011988011988011988,0.024657803637788262,0.1068931068931069,beam-sensitive candidate,20271010,20271214,10
1,82_0,typical,18,frozen_polybeam,full_polybeam,khz_comb,1000.0,multi,smooth,0.0001,1.0,linear,0.003996003996003996,0.026818515608496536,0.000999000999000999,0.011988011988011988,0.024656150374380396,0.1068931068931069,beam-sensitive candidate,20271010,20271214,10
1,82_0,typical,18,frozen_polybeam,full_polybeam,khz_comb,1000.0,multi,smooth,0.0001,5.0,linear,0.003996003996003996,0.026817948289811176,0.000999000999000999,0.011988011988011988,0.02465559083227238,0.1068931068931069,beam-sensitive candidate,20271010,20271214,10
1,82_0,typical,18,frozen_polybeam,full_polybeam,khz_comb,1000.0,multi,smooth,0.001,0.5,linear,0.003996003996003996,0.026796741969796447,0.000999000999000999,0.011988011988011988,0.024637585085700596,0.1068931068931069,beam-sensitive candidate,20271010,20271214,10
1,82_0,typical,18,frozen_polybeam,full_polybeam,khz_comb,1000.0,multi,smooth,0.001,1.0,linear,0.003996003996003996,0.026813753980488932,0.000999000999000999,0.011988011988011988,0.024652882059387475,0.1068931068931069,beam-sensitive candidate,20271010,20271214,10
1,82_0,typical,18,frozen_polybeam,full_polybeam,khz_comb,1000.0,multi,smooth,0.001,5.0,linear,0.003996003996003996,0.0268244402822498,0.000999000999000999,0.011988011988011988,0.024660497561664697,0.1068931068931069,beam-sensitive candidate,20271010,20271214,10
1,82_0,typical,18,frozen_polybeam,full_polybeam,khz_comb,1000.0,multi,smooth,0.01,0.5,linear,0.003996003996003996,0.02671477778547338,0.000999000999000999,0.011988011988011988,0.024581280179142382,0.10589410589410589,beam-sensitive candidate,20271010,20271214,10
1,82_0,typical,18,frozen_polybeam,full_polybeam,khz_comb,1000.0,multi,smooth,0.01,1.0,linear,0.003996003996003996,0.026959723820593088,0.000999000999000999,0.011988011988011988,0.024742450201188915,0.10789210789210789,beam-sensitive candidate,20271010,20271214,10
1,82_0,typical,18,frozen_polybeam,full_polybeam,khz_comb,1000.0,multi,smooth,0.01,5.0,linear,0.003996003996003996,0.02664828718894891,0.000999000999000999,0.013986013986013986,0.02454231843177064,0.1068931068931069,beam-sensitive candidate,20271010,20271214,10
2,23_80,stress,0,frozen_polybeam,full_polybeam,smooth,1000.0,multi,white,0.0,,linear,0.01898101898101898,0.028753985378120694,0.03896103896103896,0.07992007992007992,0.03468640538707369,0.03496503496503497,local-only QA candidate,20267592,20267796,10
2,23_80,stress,0,frozen_polybeam,full_polybeam,smooth,1000.0,multi,white,0.0001,,linear,0.01898101898101898,0.028753416528669112,0.03896103896103896,0.07992007992007992,0.0346861152742327,0.03496503496503497,local-only QA candidate,20267592,20267796,10
2,23_80,stress,0,frozen_polybeam,full_polybeam,smooth,1000.0,multi,white,0.001,,linear,0.01898101898101898,0.028757234551555173,0.03896103896103896,0.08091908091908091,0.034686981192368474,0.03496503496503497,local-only QA candidate,20267592,20267796,10
2,23_80,stress,0,frozen_polybeam,full_polybeam,smooth,1000.0,multi,white,0.01,,linear,0.024975024975024976,0.02880348266738692,0.03796203796203796,0.09490509490509491,0.03476576002511482,0.03296703296703297,local-only QA candidate,20267592,20267796,10
2,23_80,stress,0,frozen_polybeam,full_polybeam,smooth,1000.0,multi,smooth,0.0,0.5,linear,0.01898101898101898,0.028753985378120694,0.03896103896103896,0.07992007992007992,0.03468640538707369,0.03496503496503497,local-only QA candidate,20267592,20267796,10
2,23_80,stress,0,frozen_polybeam,full_polybeam,smooth,1000.0,multi,smooth,0.0,1.0,linear,0.01898101898101898,0.028753985378120694,0.03896103896103896,0.07992007992007992,0.03468640538707369,0.03496503496503497,local-only QA candidate,20267592,20267796,10
2,23_80,stress,0,frozen_polybeam,full_polybeam,smooth,1000.0,multi,smooth,0.0,5.0,linear,0.01898101898101898,0.028753985378120694,0.03896103896103896,0.07992007992007992,0.03468640538707369,0.03496503496503497,local-only QA candidate,20267592,20267796,10
2,23_80,stress,0,frozen_polybeam,full_polybeam,smooth,1000.0,multi,smooth,0.0001,0.5,linear,0.01898101898101898,0.028754223743279107,0.03896103896103896,0.07992007992007992,0.034686509944920736,0.03496503496503497,local-only QA candidate,20267592,20267796,10
2,23_80,stress,0,frozen_polybeam,full_polybeam,smooth,1000.0,multi,smooth,0.0001,1.0,linear,0.01898101898101898,0.028754103441589882,0.03896103896103896,0.07992007992007992,0.03468629151249127,0.03496503496503497,local-only QA candidate,20267592,20267796,10
2,23_80,stress,0,frozen_polybeam,full_polybeam,smooth,1000.0,multi,smooth,0.0001,5.0,linear,0.01898101898101898,0.028752147815500926,0.03896103896103896,0.07992007992007992,0.034684577272756,0.03496503496503497,local-only QA candidate,20267592,20267796,10
2,23_80,stress,0,frozen_polybeam,full_polybeam,smooth,1000.0,multi,smooth,0.001,0.5,linear,0.01898101898101898,0.02875354246531027,0.03896103896103896,0.07992007992007992,0.03468482119896964,0.03496503496503497,local-only QA candidate,20267592,20267796,10
2,23_80,stress,0,frozen_polybeam,full_polybeam,smooth,1000.0,multi,smooth,0.001,1.0,linear,0.01898101898101898,0.0287479056216103,0.03896103896103896,0.07992007992007992,0.03467871709748789,0.03496503496503497,local-only QA candidate,20267592,20267796,10
2,23_80,stress,0,frozen_polybeam,full_polybeam,smooth,1000.0,multi,smooth,0.001,5.0,linear,0.01898101898101898,0.028774094314975587,0.03896103896103896,0.07992007992007992,0.03470253837459676,0.03496503496503497,local-only QA candidate,20267592,20267796,10
2,23_80,stress,0,frozen_polybeam,full_polybeam,smooth,1000.0,multi,smooth,0.01,0.5,linear,0.017982017982017984,0.028705815053387693,0.03896103896103896,0.07792207792207792,0.034657094607137826,0.03296703296703297,local-only QA candidate,20267592,20267796,10
2,23_80,stress,0,frozen_polybeam,full_polybeam,smooth,1000.0,multi,smooth,0.01,1.0,linear,0.017982017982017984,0.02877496030236733,0.03896103896103896,0.07792207792207792,0.0346971761591927,0.03596403596403597,local-only QA candidate,20267592,20267796,10
2,23_80,stress,0,frozen_polybeam,full_polybeam,smooth,1000.0,multi,smooth,0.01,5.0,linear,0.017982017982017984,0.02875072035017652,0.03796203796203796,0.07992007992007992,0.03468939988659832,0.03296703296703297,local-only QA candidate,20267592,20267796,10
3,0_1,typical,44,frozen_polybeam,full_polybeam,khz_comb,1000.0,single,white,0.0,,linear,0.002997002997002997,0.030348640069162144,0.4935064935064935,0.002997002997002997,0.03487705799495972,0.5774225774225774,window-integrated candidate,20261227,20261431,10
3,0_1,typical,44,frozen_polybeam,full_polybeam,khz_comb,1000.0,single,white,0.0001,,linear,0.002997002997002997,0.0303487335975374,0.4935064935064935,0.002997002997002997,0.03487720329344611,0.5774225774225774,window-integrated candidate,20261227,20261431,10
3,0_1,typical,44,frozen_polybeam,full_polybeam,khz_comb,1000.0,single,white,0.001,,linear,0.002997002997002997,0.03034756147766207,0.4935064935064935,0.002997002997002997,0.034875999562672746,0.5774225774225774,window-integrated candidate,20261227,20261431,10
3,0_1,typical,44,frozen_polybeam,full_polybeam,khz_comb,1000.0,single,white,0.01,,linear,0.002997002997002997,0.03032485378706988,0.4995004995004995,0.002997002997002997,0.0348576137968085,0.5764235764235764,window-integrated candidate,20261227,20261431,10
3,0_1,typical,44,frozen_polybeam,full_polybeam,khz_comb,1000.0,single,smooth,0.0,0.5,linear,0.002997002997002997,0.030348640069162144,0.4935064935064935,0.002997002997002997,0.03487705799495972,0.5774225774225774,window-integrated candidate,20261227,20261431,10
3,0_1,typical,44,frozen_polybeam,full_polybeam,khz_comb,1000.0,single,smooth,0.0,1.0,linear,0.002997002997002997,0.030348640069162144,0.4935064935064935,0.002997002997002997,0.03487705799495972,0.5774225774225774,window-integrated candidate,20261227,20261431,10
3,0_1,typical,44,frozen_polybeam,full_polybeam,khz_comb,1000.0,single,smooth,0.0,5.0,linear,0.002997002997002997,0.030348640069162144,0.4935064935064935,0.002997002997002997,0.03487705799495972,0.5774225774225774,window-integrated candidate,20261227,20261431,10
3,0_1,typical,44,frozen_polybeam,full_polybeam,khz_comb,1000.0,single,smooth,0.0001,0.5,linear,0.002997002997002997,0.030349253213345712,0.4935064935064935,0.002997002997002997,0.03487760203247102,0.5774225774225774,window-integrated candidate,20261227,20261431,10
3,0_1,typical,44,frozen_polybeam,full_polybeam,khz_comb,1000.0,single,smooth,0.0001,1.0,linear,0.002997002997002997,0.030348544758426448,0.4935064935064935,0.002997002997002997,0.034877523862582506,0.5774225774225774,window-integrated candidate,20261227,20261431,10
3,0_1,typical,44,frozen_polybeam,full_polybeam,khz_comb,1000.0,single,smooth,0.0001,5.0,linear,0.002997002997002997,0.03034838685476574,0.4935064935064935,0.002997002997002997,0.03487670270010376,0.5774225774225774,window-integrated candidate,20261227,20261431,10
3,0_1,typical,44,frozen_polybeam,full_polybeam,khz_comb,1000.0,single,smooth,0.001,0.5,linear,0.002997002997002997,0.03035262190477026,0.4935064935064935,0.002997002997002997,0.034883077726266434,0.5774225774225774,window-integrated candidate,20261227,20261431,10
3,0_1,typical,44,frozen_polybeam,full_polybeam,khz_comb,1000.0,single,smooth,0.001,1.0,linear,0.002997002997002997,0.030344972373073827,0.4935064935064935,0.003996003996003996,0.0348719091411211,0.5784215784215784,window-integrated candidate,20261227,20261431,10
3,0_1,typical,44,frozen_polybeam,full_polybeam,khz_comb,1000.0,single,smooth,0.001,5.0,linear,0.002997002997002997,0.03034908985753885,0.4935064935064935,0.002997002997002997,0.03487713095786328,0.5774225774225774,window-integrated candidate,20261227,20261431,10
3,0_1,typical,44,frozen_polybeam,full_polybeam,khz_comb,1000.0,single,smooth,0.01,0.5,linear,0.005994005994005994,0.030344484597040394,0.4965034965034965,0.004995004995004995,0.034900622861280886,0.5794205794205795,window-integrated candidate,20261227,20261431,10
3,0_1,typical,44,frozen_polybeam,full_polybeam,khz_comb,1000.0,single,smooth,0.01,1.0,linear,0.000999000999000999,0.030313248783920832,0.4935064935064935,0.001998001998001998,0.034834228556989165,0.5794205794205795,window-integrated candidate,20261227,20261431,10
3,0_1,typical,44,frozen_polybeam,full_polybeam,khz_comb,1000.0,single,smooth,0.01,5.0,linear,0.005994005994005994,0.030258699294518385,0.4965034965034965,0.003996003996003996,0.03476999146530189,0.5774225774225774,window-integrated candidate,20261227,20261431,10
4,0_1,typical,44,frozen_polybeam,full_polybeam,smooth,1000.0,single,white,0.0,,linear,0.001998001998001998,0.031261326576950396,0.5164835164835165,0.006993006993006993,0.03981525633746512,0.4985014985014985,window-integrated candidate,20261091,20261295,10
4,0_1,typical,44,frozen_polybeam,full_polybeam,smooth,1000.0,single,white,0.0001,,linear,0.001998001998001998,0.03126106969229916,0.5164835164835165,0.006993006993006993,0.039814759834563625,0.4985014985014985,window-integrated candidate,20261091,20261295,10
4,0_1,typical,44,frozen_polybeam,full_polybeam,smooth,1000.0,single,white,0.001,,linear,0.001998001998001998,0.031267170043663035,0.5164835164835165,0.006993006993006993,0.039821294019582266,0.4985014985014985,window-integrated candidate,20261091,20261295,10
4,0_1,typical,44,frozen_polybeam,full_polybeam,smooth,1000.0,single,white,0.01,,linear,0.001998001998001998,0.031261299859170075,0.5164835164835165,0.006993006993006993,0.03981038347318539,0.4985014985014985,window-integrated candidate,20261091,20261295,10
4,0_1,typical,44,frozen_polybeam,full_polybeam,smooth,1000.0,single,smooth,0.0,0.5,linear,0.001998001998001998,0.031261326576950396,0.5164835164835165,0.006993006993006993,0.03981525633746512,0.4985014985014985,window-integrated candidate,20261091,20261295,10
4,0_1,typical,44,frozen_polybeam,full_polybeam,smooth,1000.0,single,smooth,0.0,1.0,linear,0.001998001998001998,0.031261326576950396,0.5164835164835165,0.006993006993006993,0.03981525633746512,0.4985014985014985,window-integrated candidate,20261091,20261295,10
4,0_1,typical,44,frozen_polybeam,full_polybeam,smooth,1000.0,single,smooth,0.0,5.0,linear,0.001998001998001998,0.031261326576950396,0.5164835164835165,0.006993006993006993,0.03981525633746512,0.4985014985014985,window-integrated candidate,20261091,20261295,10
4,0_1,typical,44,frozen_polybeam,full_polybeam,smooth,1000.0,single,smooth,0.0001,0.5,linear,0.001998001998001998,0.031260445590558995,0.5164835164835165,0.006993006993006993,0.03981401048631964,0.4985014985014985,window-integrated candidate,20261091,20261295,10
4,0_1,typical,44,frozen_polybeam,full_polybeam,smooth,1000.0,single,smooth,0.0001,1.0,linear,0.001998001998001998,0.03126219378382655,0.5164835164835165,0.006993006993006993,0.03981631238019439,0.4985014985014985,window-integrated candidate,20261091,20261295,10
4,0_1,typical,44,frozen_polybeam,full_polybeam,smooth,1000.0,single,smooth,0.0001,5.0,linear,0.001998001998001998,0.03126049019988235,0.5164835164835165,0.006993006993006993,0.03981407943970561,0.4985014985014985,window-integrated candidate,20261091,20261295,10
4,0_1,typical,44,frozen_polybeam,full_polybeam,smooth,1000.0,single,smooth,0.001,0.5,linear,0.001998001998001998,0.03127438185278259,0.5164835164835165,0.006993006993006993,0.039832128042884704,0.4985014985014985,window-integrated candidate,20261091,20261295,10
4,0_1,typical,44,frozen_polybeam,full_polybeam,smooth,1000.0,single,smooth,0.001,1.0,linear,0.001998001998001998,0.03126711201161119,0.5164835164835165,0.006993006993006993,0.0398235588370899,0.4985014985014985,window-integrated candidate,20261091,20261295,10
4,0_1,typical,44,frozen_polybeam,full_polybeam,smooth,1000.0,single,smooth,0.001,5.0,linear,0.001998001998001998,0.03125637478503455,0.5164835164835165,0.006993006993006993,0.03980999946169282,0.4985014985014985,window-integrated candidate,20261091,20261295,10
4,0_1,typical,44,frozen_polybeam,full_polybeam,smooth,1000.0,single,smooth,0.01,0.5,linear,0.001998001998001998,0.03127046138312142,0.5164835164835165,0.006993006993006993,0.039840371991693525,0.5014985014985015,window-integrated candidate,20261091,20261295,10
4,0_1,typical,44,frozen_polybeam,full_polybeam,smooth,1000.0,single,smooth,0.01,1.0,linear,0.001998001998001998,0.031339044233433797,0.5154845154845155,0.006993006993006993,0.039897385825579834,0.5004995004995005,window-integrated candidate,20261091,20261295,10
4,0_1,typical,44,frozen_polybeam,full_polybeam,smooth,1000.0,single,smooth,0.01,5.0,linear,0.001998001998001998,0.03131037915804269,0.5154845154845155,0.006993006993006993,0.03986929923157595,0.4965034965034965,window-integrated candidate,20261091,20261295,10
5,0_1,typical,44,full_polybeam,frozen_polybeam,khz_comb,1000.0,single,white,0.0,,linear,0.002997002997002997,0.03487705799495972,0.5774225774225774,0.002997002997002997,0.030348640069162144,0.4935064935064935,window-integrated candidate,20261431,20261227,10
5,0_1,typical,44,full_polybeam,frozen_polybeam,khz_comb,1000.0,single,white,0.0001,,linear,0.002997002997002997,0.0348773158725678,0.5774225774225774,0.002997002997002997,0.03034889809129771,0.4935064935064935,window-integrated candidate,20261431,20261227,10
5,0_1,typical,44,full_polybeam,frozen_polybeam,khz_comb,1000.0,single,white,0.001,,linear,0.002997002997002997,0.03487362679066631,0.5774225774225774,0.002997002997002997,0.030345508254110126,0.4935064935064935,window-integrated candidate,20261431,20261227,10
5,0_1,typical,44,full_polybeam,frozen_polybeam,khz_comb,1000.0,single,white,0.01,,linear,0.002997002997002997,0.03488298787728823,0.5794205794205795,0.002997002997002997,0.030364269058252288,0.4935064935064935,window-integrated candidate,20261431,20261227,10
5,0_1,typical,44,full_polybeam,frozen_polybeam,khz_comb,1000.0,single,smooth,0.0,0.5,linear,0.002997002997002997,0.03487705799495972,0.5774225774225774,0.002997002997002997,0.030348640069162144,0.4935064935064935,window-integrated candidate,20261431,20261227,10
5,0_1,typical,44,full_polybeam,frozen_polybeam,khz_comb,1000.0,single,smooth,0.0,1.0,linear,0.002997002997002997,0.03487705799495972,0.5774225774225774,0.002997002997002997,0.030348640069162144,0.4935064935064935,window-integrated candidate,20261431,20261227,10
5,0_1,typical,44,full_polybeam,frozen_polybeam,khz_comb,1000.0,single,smooth,0.0,5.0,linear,0.002997002997002997,0.03487705799495972,0.5774225774225774,0.002997002997002997,0.030348640069162144,0.4935064935064935,window-integrated candidate,20261431,20261227,10
5,0_1,typical,44,full_polybeam,frozen_polybeam,khz_comb,1000.0,single,smooth,0.0001,0.5,linear,0.002997002997002997,0.034876954620922655,0.5774225774225774,0.002997002997002997,0.030348383251488607,0.4935064935064935,window-integrated candidate,20261431,20261227,10
5,0_1,typical,44,full_polybeam,frozen_polybeam,khz_comb,1000.0,single,smooth,0.0001,1.0,linear,0.002997002997002997,0.03487774922050913,0.5774225774225774,0.002997002997002997,0.030349308322979628,0.4935064935064935,window-integrated candidate,20261431,20261227,10
5,0_1,typical,44,full_polybeam,frozen_polybeam,khz_comb,1000.0,single,smooth,0.0001,5.0,linear,0.002997002997002997,0.0348766772097046,0.5774225774225774,0.002997002997002997,0.030348293280794095,0.4935064935064935,window-integrated candidate,20261431,20261227,10
5,0_1,typical,44,full_polybeam,frozen_polybeam,khz_comb,1000.0,single,smooth,0.001,0.5,linear,0.003996003996003996,0.034883520969068015,0.5784215784215784,0.002997002997002997,0.030356835421612445,0.4935064935064935,window-integrated candidate,20261431,20261227,10
5,0_1,typical,44,full_polybeam,frozen_polybeam,khz_comb,1000.0,single,smooth,0.001,1.0,linear,0.003996003996003996,0.03487557870413338,0.5774225774225774,0.003996003996003996,0.030346950138727468,0.4935064935064935,window-integrated candidate,20261431,20261227,10
5,0_1,typical,44,full_polybeam,frozen_polybeam,khz_comb,1000.0,single,smooth,0.001,5.0,linear,0.003996003996003996,0.034874029338364684,0.5774225774225774,0.002997002997002997,0.030346529916288598,0.4935064935064935,window-integrated candidate,20261431,20261227,10
5,0_1,typical,44,full_polybeam,frozen_polybeam,khz_comb,1000.0,single,smooth,0.01,0.5,linear,0.005994005994005994,0.03489326964356315,0.5824175824175825,0.007992007992007992,0.030367178536428972,0.4995004995004995,window-integrated candidate,20261431,20261227,10
5,0_1,typical,44,full_polybeam,frozen_polybeam,khz_comb,1000.0,single,smooth,0.01,1.0,linear,0.004995004995004995,0.03494066184335354,0.5784215784215784,0.005994005994005994,0.030420916392615887,0.4965034965034965,window-integrated candidate,20261431,20261227,10
5,0_1,typical,44,full_polybeam,frozen_polybeam,khz_comb,1000.0,single,smooth,0.01,5.0,linear,0.001998001998001998,0.03483605899106092,0.5754245754245755,0.000999000999000999,0.03030233854849699,0.4945054945054945,window-integrated candidate,20261431,20261227,10
