baseline_id,baseline_length_m,baseline_class,lst_stratum,lst_bin_id,lst_start,lst_end,beam_model,morphology,flux_jy,multiplicity,injection_mode,n_sat_visible,n_sat_ranked_visible,n_injected,selected_norad_ids,selected_peak_alts_deg,flag_fraction,pre_risk_score,metadata_beam_weighted_sat_exposure,metadata_n_sat_visible_center,metadata_n_sat_visible_any_bin,metadata_n_sat_visible_peak_bin,metadata_n_sat_peak_visible,metadata_beam_weighted_sat_exposure_center,metadata_beam_weighted_sat_exposure_bin_mean,metadata_max_sat_beam_response_center,metadata_max_sat_beam_response_bin,metadata_pre_risk_score_bin,metadata_null_mad_win_proxy,sat_peak_abs_jy_sum,sat_peak_abs_jy_max,sat_mean_abs_jy_sum,zero_coupling,seed,n_null,Z_PS_max,Z_PS_abs_integrated,PTE_global_max,PTE_global_absint,obs_max_bias,obs_abs_integrated,null_max_bias_p50,null_max_bias_p95,null_max_bias_p99,null_abs_integrated_p50,null_abs_integrated_p95,null_abs_integrated_p99,null_mad_win,Z_PS_bin_max,Z_PS_bin_p95,window_abs_bias_sum,window_signed_bias_sum,window_bg_abs_sum,relative_abs_bias,n_window_bins,kperp,kpar_min_window,kpar_max_window,tau_ns_min_window,tau_ns_max_window,null_global_stats_path,z_eff,X_mpc,Y_mpc_per_hz,nu_eff_hz,PS_gt_2,PS_gt_3,flag_exploratory,candidate_statistical,candidate_floor_1em08,candidate_floor_1em07,candidate_floor_1em06,candidate_floor_1em05,candidate_floor_1em04,candidate_floor_1em03,candidate_floor_1em02,candidate_floor_1em01
0_1,14.60794900739243,short,typical,44,2461041.8055555555,2461041.8123785085,frozen_polybeam,smooth,30.0,multi,coherent_ab,3,33,12,57722;57722;55172;55172;55550;55550;44436;44436;58038;45454;45454;55537,86.861;86.861;84.716;84.716;84.082;84.082;81.894;81.894;81.335;80.006;80.006;79.784,0.1653330813172043,2.560265055874456e-08,0.2419547912000571,0,3,3,3,0.0,0.2419547912000571,0.0,0.7241364102878726,2.560265055874456e-08,9450380.56293815,14.566745613842688,2.946835109134021,0.0557959202097619,False,20261516,100,3.1351623008512464,1.2952463664607174,0.0495049504950495,0.1188118811881188,9832.942114139909,150669.1550793554,3405.104947252199,8515.19363004181,10639.930543904911,99512.91177935418,157293.8467343236,184982.59886886552,1382.8683673916385,3.302379277041169,2.113508880053212,150669.1550793554,17478.162207154433,63167455.77674818,0.0023852338712495,1481,0.0045581379497873,-1.445965571882522,1.4440828042107998,-4096.0,4090.666666666666,C:\Users\kimeu\Downloads\starlink_pathB_wsl_package_v0_3_clean\starlink_pathB\paper_final_experiment_check\coverage_null_global_stats_fourflux\0_1_lst044_typical_frozen_polybeam_smooth_S30_multi.npz,9.10175923472585,9444.443085672718,1.7798436919007438e-05,140609741.2109375,True,True,True,False,False,False,False,False,False,False,False,False
0_1,14.60794900739243,short,typical,44,2461041.8055555555,2461041.8123785085,frozen_polybeam,smooth,300.0,single,coherent_ab,3,33,1,57722,86.861,0.1653330813172043,2.560265055874456e-08,0.2419547912000571,0,3,3,3,0.0,0.2419547912000571,0.0,0.7241364102878726,2.560265055874456e-08,9450380.56293815,18.821851935992715,18.821851935992715,0.093017889335079,False,20261533,100,1.204517417307051,0.1077296804436223,0.0297029702970297,0.4554455445544554,39445.292064510286,576099.9259103485,22186.52521840384,39292.96505258302,39449.83365547599,574881.7750421321,592183.181014203,595005.9519778716,9664.35071041598,0.9986294092889232,0.914432458356186,576099.9259103485,49580.164714858765,63167455.77674818,0.0091202015155786,1481,0.0045581379497873,-1.445965571882522,1.4440828042107998,-4096.0,4090.666666666666,C:\Users\kimeu\Downloads\starlink_pathB_wsl_package_v0_3_clean\starlink_pathB\paper_final_experiment_check\coverage_null_global_stats_fourflux\0_1_lst044_typical_frozen_polybeam_smooth_S300_single.npz,9.10175923472585,9444.443085672718,1.7798436919007438e-05,140609741.2109375,False,False,True,False,False,False,False,False,False,False,False,False
0_1,14.60794900739243,short,typical,44,2461041.8055555555,2461041.8123785085,frozen_polybeam,smooth,300.0,multi,coherent_ab,3,33,12,57722;57722;55172;55172;55550;55550;44436;44436;58038;45454;45454;55537,86.861;86.861;84.716;84.716;84.082;84.082;81.894;81.894;81.335;80.006;80.006;79.784,0.1653330813172043,2.560265055874456e-08,0.2419547912000571,0,3,3,3,0.0,0.2419547912000571,0.0,0.7241364102878726,2.560265055874456e-08,9450380.56293815,145.66745613842684,29.468351091340207,0.5579592020976194,False,20261550,100,3.9816651767634608,1.7480878165443947,0.0693069306930693,0.099009900990099,105314.78136897692,1556128.771358064,34239.397211465286,108349.49339370064,118888.91657011822,922490.454812386,1653646.5875044083,1869265.9465148305,12040.110785874538,3.0200767770081702,2.0432177992187537,1556128.771358064,462431.4872128639,63167455.77674818,0.0246349762266485,1481,0.0045581379497873,-1.445965571882522,1.4440828042107998,-4096.0,4090.666666666666,C:\Users\kimeu\Downloads\starlink_pathB_wsl_package_v0_3_clean\starlink_pathB\paper_final_experiment_check\coverage_null_global_stats_fourflux\0_1_lst044_typical_frozen_polybeam_smooth_S300_multi.npz,9.10175923472585,9444.443085672718,1.7798436919007438e-05,140609741.2109375,True,True,True,False,False,False,False,False,False,False,False,False
0_1,14.60794900739243,short,typical,44,2461041.8055555555,2461041.8123785085,frozen_polybeam,smooth,1000.0,single,coherent_ab,3,33,1,57722,86.861,0.1653330813172043,2.560265055874456e-08,0.2419547912000571,0,3,3,3,0.0,0.2419547912000571,0.0,0.7241364102878726,2.560265055874456e-08,9450380.56293815,62.73950645330905,62.73950645330905,0.3100596311169299,False,20261567,100,1.1148212532713233,-0.0156311969968951,0.0099009900990099,0.5148514851485149,144426.7544895513,1974724.731821767,79917.06502200948,142432.8360966479,144021.14730560128,1977098.1111376183,2110022.9801247143,2122497.375950396,39029.74518550187,0.9611305838540298,0.9155597063781318,1974724.731821767,535925.2171656339,63167455.77674818,0.0312617424200368,1481,0.0045581379497873,-1.445965571882522,1.4440828042107998,-4096.0,4090.666666666666,C:\Users\kimeu\Downloads\starlink_pathB_wsl_package_v0_3_clean\starlink_pathB\paper_final_experiment_check\coverage_null_global_stats_fourflux\0_1_lst044_typical_frozen_polybeam_smooth_S1000_single.npz,9.10175923472585,9444.443085672718,1.7798436919007438e-05,140609741.2109375,False,False,True,True,True,True,True,True,True,True,True,False
0_1,14.60794900739243,short,typical,44,2461041.8055555555,2461041.8123785085,frozen_polybeam,lines,30.0,multi,coherent_ab,3,33,12,57722;57722;55172;55172;55550;55550;44436;44436;58038;45454;45454;55537,86.861;86.861;84.716;84.716;84.082;84.082;81.894;81.894;81.335;80.006;80.006;79.784,0.1653330813172043,2.560265055874456e-08,0.2419547912000571,0,3,3,3,0.0,0.2419547912000571,0.0,0.7241364102878726,2.560265055874456e-08,9450380.56293815,14.566723011963202,2.946834600083045,0.055861716370314,False,20261652,100,3.723294419951065,1.5386179973925032,0.0198019801980198,0.0792079207920792,9846.006315459032,150716.7038785016,3263.7056196902413,7442.937542223928,9493.14721302648,94290.59908445591,153784.10176746236,184850.83795006527,1192.4120132972894,3.350209604747693,1.977837605604874,150716.7038785016,17501.424508735254,63167455.77674818,0.0023859866132835,1481,0.0045581379497873,-1.445965571882522,1.4440828042107998,-4096.0,4090.666666666666,C:\Users\kimeu\Downloads\starlink_pathB_wsl_package_v0_3_clean\starlink_pathB\paper_final_experiment_check\coverage_null_global_stats_fourflux\0_1_lst044_typical_frozen_polybeam_lines_S30_multi.npz,9.10175923472585,9444.443085672718,1.7798436919007438e-05,140609741.2109375,True,True,True,False,False,False,False,False,False,False,False,False
0_1,14.60794900739243,short,typical,44,2461041.8055555555,2461041.8123785085,frozen_polybeam,lines,300.0,single,coherent_ab,3,33,1,57722,86.861,0.1653330813172043,2.560265055874456e-08,0.2419547912000571,0,3,3,3,0.0,0.2419547912000571,0.0,0.7241364102878726,2.560265055874456e-08,9450380.56293815,18.821851935992715,18.821851935992715,0.0931278989247164,False,20261669,100,1.3625812953900784,0.3869266262663011,0.0099009900990099,0.3663366336633663,39515.34069807315,576147.9141106145,20328.21341941965,38255.49996921998,39423.32641877913,570045.2077123763,585722.8280843946,594806.2533721147,9497.811318955615,1.0167419573571432,0.9541510009371535,576147.9141106145,49649.90187613976,63167455.77674818,0.009120961213744,1481,0.0045581379497873,-1.445965571882522,1.4440828042107998,-4096.0,4090.666666666666,C:\Users\kimeu\Downloads\starlink_pathB_wsl_package_v0_3_clean\starlink_pathB\paper_final_experiment_check\coverage_null_global_stats_fourflux\0_1_lst044_typical_frozen_polybeam_lines_S300_single.npz,9.10175923472585,9444.443085672718,1.7798436919007438e-05,140609741.2109375,False,False,True,True,True,True,True,True,True,True,False,False
0_1,14.60794900739243,short,typical,44,2461041.8055555555,2461041.8123785085,frozen_polybeam,lines,300.0,multi,coherent_ab,3,33,12,57722;57722;55172;55172;55550;55550;44436;44436;58038;45454;45454;55537,86.861;86.861;84.716;84.716;84.082;84.082;81.894;81.894;81.335;80.006;80.006;79.784,0.1653330813172043,2.560265055874456e-08,0.2419547912000571,0,3,3,3,0.0,0.2419547912000571,0.0,0.7241364102878726,2.560265055874456e-08,9450380.56293815,145.66723011963202,29.468346000830447,0.5586171637031404,False,20261686,100,3.0622184149565768,1.465575025707743,0.0198019801980198,0.099009900990099,105468.21483071988,1556193.6565926503,37176.44932653813,91023.49638029208,104599.81387598078,981835.3854448814,1684198.505356011,2045334.6978118252,15042.089929292735,3.450528731973925,1.956939731327036,1556193.6565926503,462477.1958436228,63167455.77674818,0.0246360034206962,1481,0.0045581379497873,-1.445965571882522,1.4440828042107998,-4096.0,4090.666666666666,C:\Users\kimeu\Downloads\starlink_pathB_wsl_package_v0_3_clean\starlink_pathB\paper_final_experiment_check\coverage_null_global_stats_fourflux\0_1_lst044_typical_frozen_polybeam_lines_S300_multi.npz,9.10175923472585,9444.443085672718,1.7798436919007438e-05,140609741.2109375,True,True,True,False,False,False,False,False,False,False,False,False
0_1,14.60794900739243,short,typical,44,2461041.8055555555,2461041.8123785085,frozen_polybeam,lines,1000.0,single,coherent_ab,3,33,1,57722,86.861,0.1653330813172043,2.560265055874456e-08,0.2419547912000571,0,3,3,3,0.0,0.2419547912000571,0.0,0.7241364102878726,2.560265055874456e-08,9450380.56293815,62.73950645330905,62.73950645330905,0.3104263297490546,False,20261703,100,1.1461344017059114,0.0642892105251756,0.0198019801980198,0.4257425742574257,144703.84041385492,1974601.309750799,77311.52424027142,142777.15076611764,144259.95420102228,1963545.6283391176,2110636.191689584,2121716.5616232343,39659.829118776135,1.0383663051978635,0.9839885048681246,1974601.309750799,535877.0951346204,63167455.77674818,0.031259788533032,1481,0.0045581379497873,-1.445965571882522,1.4440828042107998,-4096.0,4090.666666666666,C:\Users\kimeu\Downloads\starlink_pathB_wsl_package_v0_3_clean\starlink_pathB\paper_final_experiment_check\coverage_null_global_stats_fourflux\0_1_lst044_typical_frozen_polybeam_lines_S1000_single.npz,9.10175923472585,9444.443085672718,1.7798436919007438e-05,140609741.2109375,False,False,True,False,False,False,False,False,False,False,False,False
0_1,14.60794900739243,short,typical,44,2461041.8055555555,2461041.8123785085,frozen_polybeam,lines,1000.0,multi,coherent_ab,3,33,12,57722;57722;55172;55172;55550;55550;44436;44436;58038;45454;45454;55537,86.861;86.861;84.716;84.716;84.082;84.082;81.894;81.894;81.335;80.006;80.006;79.784,0.1653330813172043,2.560265055874456e-08,0.2419547912000571,0,3,3,3,0.0,0.2419547912000571,0.0,0.7241364102878726,2.560265055874456e-08,9450380.56293815,485.5574337321067,98.22782000276814,1.8620572123438015,False,20261720,100,3.3666035989684757,1.741607534730644,0.0198019801980198,0.0495049504950495,412124.98984673806,6180818.578129278,145711.86445780157,359853.9913492827,400651.57972179743,3795914.309111887,6165291.167609858,7460541.643537215,53375.21510794292,4.6162894455195564,2.388364069564835,6180818.578129278,4025838.375397103,63167455.77674818,0.097848148261251,1481,0.0045581379497873,-1.445965571882522,1.4440828042107998,-4096.0,4090.666666666666,C:\Users\kimeu\Downloads\starlink_pathB_wsl_package_v0_3_clean\starlink_pathB\paper_final_experiment_check\coverage_null_global_stats_fourflux\0_1_lst044_typical_frozen_polybeam_lines_S1000_multi.npz,9.10175923472585,9444.443085672718,1.7798436919007438e-05,140609741.2109375,True,True,True,False,False,False,False,False,False,False,False,False
0_1,14.60794900739243,short,typical,44,2461041.8055555555,2461041.8123785085,frozen_polybeam,khz_comb,300.0,single,coherent_ab,3,33,1,57722,86.861,0.1653330813172043,2.560265055874456e-08,0.2419547912000571,0,3,3,3,0.0,0.2419547912000571,0.0,0.7241364102878726,2.560265055874456e-08,9450380.56293815,18.808165643877818,18.808165643877818,0.0842180454964112,False,20261805,100,2.4568128572535195,0.5080176133036015,0.0099009900990099,0.3168316831683168,37006.2421808606,561536.8392183117,17004.384802732733,35890.84162469257,36949.69770457568,556054.7652173062,568288.897103849,570942.5886703143,5491.288412173861,1.3535201196869096,1.226007925106235,561536.8392183117,53041.46853744314,63167455.77674818,0.0088896542105945,1481,0.0045581379497873,-1.445965571882522,1.4440828042107998,-4096.0,4090.666666666666,C:\Users\kimeu\Downloads\starlink_pathB_wsl_package_v0_3_clean\starlink_pathB\paper_final_experiment_check\coverage_null_global_stats_fourflux\0_1_lst044_typical_frozen_polybeam_khz_comb_S300_single.npz,9.10175923472585,9444.443085672718,1.7798436919007438e-05,140609741.2109375,True,False,True,True,True,True,True,True,True,True,False,False
0_1,14.60794900739243,short,typical,44,2461041.8055555555,2461041.8123785085,frozen_polybeam,khz_comb,1000.0,single,coherent_ab,3,33,1,57722,86.861,0.1653330813172043,2.560265055874456e-08,0.2419547912000571,0,3,3,3,0.0,0.2419547912000571,0.0,0.7241364102878726,2.560265055874456e-08,9450380.56293815,62.69388547959272,62.69388547959272,0.2807268183213706,False,20261839,100,1.4521371467888935,9.469884763234754e-05,0.0099009900990099,0.504950495049505,134820.10551276943,1917086.7666567045,71521.12522717717,133796.70196742725,134816.10905209117,1917075.911180249,2023104.0509456608,2029238.3698222188,29401.20179511525,1.206126396154576,1.132502082300143,1917086.7666567045,518246.1360491377,63167455.77674818,0.0303492794364274,1481,0.0045581379497873,-1.445965571882522,1.4440828042107998,-4096.0,4090.666666666666,C:\Users\kimeu\Downloads\starlink_pathB_wsl_package_v0_3_clean\starlink_pathB\paper_final_experiment_check\coverage_null_global_stats_fourflux\0_1_lst044_typical_frozen_polybeam_khz_comb_S1000_single.npz,9.10175923472585,9444.443085672718,1.7798436919007438e-05,140609741.2109375,False,False,True,True,True,True,True,True,True,True,True,False
0_1,14.60794900739243,short,typical,44,2461041.8055555555,2461041.8123785085,frozen_polybeam,khz_comb,1000.0,multi,coherent_ab,3,33,12,57722;57722;55172;55172;55550;55550;44436;44436;58038;45454;45454;55537,86.861;86.861;84.716;84.716;84.082;84.082;81.894;81.894;81.335;80.006;80.006;79.784,0.1653330813172043,2.560265055874456e-08,0.2419547912000571,0,3,3,3,0.0,0.2419547912000571,0.0,0.7241364102878726,2.560265055874456e-08,9450380.56293815,472.1499015479004,95.93868009097592,1.6809268479593626,False,20261856,100,3.193440476049021,1.4397009742063682,0.0198019801980198,0.0891089108910891,367999.5860216557,5424735.789339054,144322.36021260743,323174.21208293614,365465.42739457206,3422592.507895085,5640090.782526724,6406334.607457628,47243.16079948345,4.349273289259613,2.308698339522968,5424735.789339054,3307598.584525046,63167455.77674818,0.0858786494189606,1481,0.0045581379497873,-1.445965571882522,1.4440828042107998,-4096.0,4090.666666666666,C:\Users\kimeu\Downloads\starlink_pathB_wsl_package_v0_3_clean\starlink_pathB\paper_final_experiment_check\coverage_null_global_stats_fourflux\0_1_lst044_typical_frozen_polybeam_khz_comb_S1000_multi.npz,9.10175923472585,9444.443085672718,1.7798436919007438e-05,140609741.2109375,True,True,True,False,False,False,False,False,False,False,False,False
0_1,14.60794900739243,short,typical,44,2461041.8055555555,2461041.8123785085,full_polybeam,smooth,10.0,multi,coherent_ab,3,33,12,57722;57722;55172;55172;55550;55550;44436;44436;58038;45454;45454;55537,86.861;86.861;84.716;84.716;84.082;84.082;81.894;81.894;81.335;80.006;80.006;79.784,0.1653330813172043,2.560265055874456e-08,0.2419547912000571,0,3,3,3,0.0,0.2419547912000571,0.0,0.7241364102878726,2.560265055874456e-08,9450380.56293815,9.365557632529308,1.8349808124290907,0.0289177391145131,False,20261890,100,3.4040571380869733,1.2499852921029817,0.0495049504950495,0.099009900990099,4322.466316238046,73045.33915254263,1483.4821725609945,3824.4615835823583,4889.721258746206,46587.330200571305,81641.67241497868,95684.6530458056,562.5253905951977,2.8638492369623463,1.947709236810248,73045.33915254263,3414.6766077894367,63167455.77674818,0.0011563761474058,1481,0.0045581379497873,-1.445965571882522,1.4440828042107998,-4096.0,4090.666666666666,C:\Users\kimeu\Downloads\starlink_pathB_wsl_package_v0_3_clean\starlink_pathB\paper_final_experiment_check\coverage_null_global_stats_fourflux\0_1_lst044_typical_full_polybeam_smooth_S10_multi.npz,9.10175923472585,9444.443085672718,1.7798436919007438e-05,140609741.2109375,True,True,True,False,False,False,False,False,False,False,False,False
0_1,14.60794900739243,short,typical,44,2461041.8055555555,2461041.8123785085,full_polybeam,smooth,30.0,single,coherent_ab,3,33,1,57722,86.861,0.1653330813172043,2.560265055874456e-08,0.2419547912000571,0,3,3,3,0.0,0.2419547912000571,0.0,0.7241364102878726,2.560265055874456e-08,9450380.56293815,2.536337428796604,2.536337428796604,0.0120586042991541,False,20261907,100,1.0998189803378018,0.6971390291994677,0.0099009900990099,0.3465346534653465,4753.857032672502,72884.96976348778,2690.171925333678,4636.536325233872,4731.130013273032,71056.59245081083,75356.10163130079,75627.51335809573,1265.6051225284173,0.968107331692725,0.884973517948585,72884.96976348778,-3066.637647353191,63167455.77674818,0.0011538373497435,1481,0.0045581379497873,-1.445965571882522,1.4440828042107998,-4096.0,4090.666666666666,C:\Users\kimeu\Downloads\starlink_pathB_wsl_package_v0_3_clean\starlink_pathB\paper_final_experiment_check\coverage_null_global_stats_fourflux\0_1_lst044_typical_full_polybeam_smooth_S30_single.npz,9.10175923472585,9444.443085672718,1.7798436919007438e-05,140609741.2109375,False,False,True,True,True,True,True,True,True,True,False,False
0_1,14.60794900739243,short,typical,44,2461041.8055555555,2461041.8123785085,full_polybeam,smooth,30.0,multi,coherent_ab,3,33,12,57722;57722;55172;55172;55550;55550;44436;44436;58038;45454;45454;55537,86.861;86.861;84.716;84.716;84.082;84.082;81.894;81.894;81.335;80.006;80.006;79.784,0.1653330813172043,2.560265055874456e-08,0.2419547912000571,0,3,3,3,0.0,0.2419547912000571,0.0,0.7241364102878726,2.560265055874456e-08,9450380.56293815,28.09667289758792,5.504942437287274,0.0867532173435394,False,20261924,100,4.543446845967243,1.5135622373350524,0.0396039603960396,0.0594059405940594,13098.747239025775,219496.1934594124,3459.731227019045,10593.837569694591,17376.670957219205,131296.37979927714,218749.9318865381,269145.37669339846,1430.946030834748,4.0986377337093485,2.409999827907777,219496.1934594124,16198.388902368046,63167455.77674818,0.0034748303657372,1481,0.0045581379497873,-1.445965571882522,1.4440828042107998,-4096.0,4090.666666666666,C:\Users\kimeu\Downloads\starlink_pathB_wsl_package_v0_3_clean\starlink_pathB\paper_final_experiment_check\coverage_null_global_stats_fourflux\0_1_lst044_typical_full_polybeam_smooth_S30_multi.npz,9.10175923472585,9444.443085672718,1.7798436919007438e-05,140609741.2109375,True,True,True,False,False,False,False,False,False,False,False,False
0_1,14.60794900739243,short,typical,44,2461041.8055555555,2461041.8123785085,full_polybeam,smooth,300.0,single,coherent_ab,3,33,1,57722,86.861,0.1653330813172043,2.560265055874456e-08,0.2419547912000571,0,3,3,3,0.0,0.2419547912000571,0.0,0.7241364102878726,2.560265055874456e-08,9450380.56293815,25.36337428796604,25.36337428796604,0.1205860429915415,False,20261941,100,1.3046720892429151,0.4780071624299891,0.0198019801980198,0.3663366336633663,49607.21425623028,731689.6755127725,26166.81951873313,48820.583090388565,49497.36439149411,715067.2682716029,770498.2134792756,771506.9618301191,12118.240115108289,1.0194317705422615,0.9135397732566674,731689.6755127725,30932.63485185663,63167455.77674818,0.0115833330077243,1481,0.0045581379497873,-1.445965571882522,1.4440828042107998,-4096.0,4090.666666666666,C:\Users\kimeu\Downloads\starlink_pathB_wsl_package_v0_3_clean\starlink_pathB\paper_final_experiment_check\coverage_null_global_stats_fourflux\0_1_lst044_typical_full_polybeam_smooth_S300_single.npz,9.10175923472585,9444.443085672718,1.7798436919007438e-05,140609741.2109375,False,False,True,False,False,False,False,False,False,False,False,False
0_1,14.60794900739243,short,typical,44,2461041.8055555555,2461041.8123785085,full_polybeam,smooth,300.0,multi,coherent_ab,3,33,12,57722;57722;55172;55172;55550;55550;44436;44436;58038;45454;45454;55537,86.861;86.861;84.716;84.716;84.082;84.082;81.894;81.894;81.335;80.006;80.006;79.784,0.1653330813172043,2.560265055874456e-08,0.2419547912000571,0,3,3,3,0.0,0.2419547912000571,0.0,0.7241364102878726,2.560265055874456e-08,9450380.56293815,280.9667289758792,55.04942437287273,0.8675321734353945,False,20261958,100,3.277478006416088,1.6951612314795392,0.0297029702970297,0.0891089108910891,148719.49158226233,2351892.57746582,50229.93456026062,122391.87163421912,173515.27484999006,1477465.8733096728,2704148.9974023816,2843572.870858404,20268.72369127648,4.225222317215579,2.20186211215493,2351892.57746582,965822.364688832,63167455.77674818,0.0372326627461153,1481,0.0045581379497873,-1.445965571882522,1.4440828042107998,-4096.0,4090.666666666666,C:\Users\kimeu\Downloads\starlink_pathB_wsl_package_v0_3_clean\starlink_pathB\paper_final_experiment_check\coverage_null_global_stats_fourflux\0_1_lst044_typical_full_polybeam_smooth_S300_multi.npz,9.10175923472585,9444.443085672718,1.7798436919007438e-05,140609741.2109375,True,True,True,False,False,False,False,False,False,False,False,False
0_1,14.60794900739243,short,typical,44,2461041.8055555555,2461041.8123785085,full_polybeam,smooth,1000.0,single,coherent_ab,3,33,1,57722,86.861,0.1653330813172043,2.560265055874456e-08,0.2419547912000571,0,3,3,3,0.0,0.2419547912000571,0.0,0.7241364102878726,2.560265055874456e-08,9450380.56293815,84.54458095988679,84.54458095988679,0.4019534766384717,False,20261975,100,1.52801252587412,-0.1514935911432857,0.0099009900990099,0.6435643564356436,183234.55061530275,2515071.891221787,103694.80159440431,179563.17950607318,182464.86878954712,2542567.427020219,2756723.3633620865,2779866.430437908,35110.200222339816,0.8956252818200233,0.8763668364354039,2515071.891221787,635445.9177503501,63167455.77674818,0.0398159441486889,1481,0.0045581379497873,-1.445965571882522,1.4440828042107998,-4096.0,4090.666666666666,C:\Users\kimeu\Downloads\starlink_pathB_wsl_package_v0_3_clean\starlink_pathB\paper_final_experiment_check\coverage_null_global_stats_fourflux\0_1_lst044_typical_full_polybeam_smooth_S1000_single.npz,9.10175923472585,9444.443085672718,1.7798436919007438e-05,140609741.2109375,False,False,True,True,True,True,True,True,True,True,True,False
0_1,14.60794900739243,short,typical,44,2461041.8055555555,2461041.8123785085,full_polybeam,smooth,1000.0,multi,coherent_ab,3,33,12,57722;57722;55172;55172;55550;55550;44436;44436;58038;45454;45454;55537,86.861;86.861;84.716;84.716;84.082;84.082;81.894;81.894;81.335;80.006;80.006;79.784,0.1653330813172043,2.560265055874456e-08,0.2419547912000571,0,3,3,3,0.0,0.2419547912000571,0.0,0.7241364102878726,2.560265055874456e-08,9450380.56293815,936.5557632529308,183.49808124290905,2.8917739114513146,False,20261992,100,3.339902220957026,2.311001184456618,0.0198019801980198,0.0198019801980198,648971.3106372315,11829535.537760807,232443.7434895303,492582.2222597354,611940.4468689618,6009884.543424262,9593250.087170277,11310781.770712944,84117.43114679834,6.857477481850278,3.2126481704711227,11829535.537760807,10166160.141130902,63167455.77674818,0.1872726294307271,1481,0.0045581379497873,-1.445965571882522,1.4440828042107998,-4096.0,4090.666666666666,C:\Users\kimeu\Downloads\starlink_pathB_wsl_package_v0_3_clean\starlink_pathB\paper_final_experiment_check\coverage_null_global_stats_fourflux\0_1_lst044_typical_full_polybeam_smooth_S1000_multi.npz,9.10175923472585,9444.443085672718,1.7798436919007438e-05,140609741.2109375,True,True,True,False,False,False,False,False,False,False,False,False
0_1,14.60794900739243,short,typical,44,2461041.8055555555,2461041.8123785085,full_polybeam,lines,10.0,multi,coherent_ab,3,33,12,57722;57722;55172;55172;55550;55550;44436;44436;58038;45454;45454;55537,86.861;86.861;84.716;84.716;84.082;84.082;81.894;81.894;81.335;80.006;80.006;79.784,0.1653330813172043,2.560265055874456e-08,0.2419547912000571,0,3,3,3,0.0,0.2419547912000571,0.0,0.7241364102878726,2.560265055874456e-08,9450380.56293815,9.365266183707584,1.8349287379324848,0.0289470636245314,False,20262026,100,2.4135884473507403,1.921820182569288,0.0198019801980198,0.1188118811881188,4327.280725558754,73046.45428272913,1587.1993806294631,3856.708029869082,4128.377748702618,46589.35084137206,88064.32676919093,92059.13707887151,765.7310215408215,3.4168498714205224,1.9062234684299904,73046.45428272913,3422.939231608465,63167455.77674818,0.0011563938009613,1481,0.0045581379497873,-1.445965571882522,1.4440828042107998,-4096.0,4090.666666666666,C:\Users\kimeu\Downloads\starlink_pathB_wsl_package_v0_3_clean\starlink_pathB\paper_final_experiment_check\coverage_null_global_stats_fourflux\0_1_lst044_typical_full_polybeam_lines_S10_multi.npz,9.10175923472585,9444.443085672718,1.7798436919007438e-05,140609741.2109375,True,False,True,False,False,False,False,False,False,False,False,False
0_1,14.60794900739243,short,typical,44,2461041.8055555555,2461041.8123785085,full_polybeam,lines,30.0,single,coherent_ab,3,33,1,57722,86.861,0.1653330813172043,2.560265055874456e-08,0.2419547912000571,0,3,3,3,0.0,0.2419547912000571,0.0,0.7241364102878726,2.560265055874456e-08,9450380.56293815,2.5363003993522777,2.5363003993522777,0.012071650288844,False,20262043,100,1.288180536843479,0.8715072140284011,0.0198019801980198,0.2772277227722772,4760.779725119006,72902.47238882928,2535.934590743913,4669.85778863933,4760.7530151859855,70885.75081231346,75356.17722671675,75417.0155074576,1164.9279285647208,1.057636645612569,1.012101529677035,72902.47238882928,-3052.7725004622894,63167455.77674818,0.0011541144326991,1481,0.0045581379497873,-1.445965571882522,1.4440828042107998,-4096.0,4090.666666666666,C:\Users\kimeu\Downloads\starlink_pathB_wsl_package_v0_3_clean\starlink_pathB\paper_final_experiment_check\coverage_null_global_stats_fourflux\0_1_lst044_typical_full_polybeam_lines_S30_single.npz,9.10175923472585,9444.443085672718,1.7798436919007438e-05,140609741.2109375,False,False,True,False,False,False,False,False,False,False,False,False
0_1,14.60794900739243,short,typical,44,2461041.8055555555,2461041.8123785085,full_polybeam,lines,300.0,single,coherent_ab,3,33,1,57722,86.861,0.1653330813172043,2.560265055874456e-08,0.2419547912000571,0,3,3,3,0.0,0.2419547912000571,0.0,0.7241364102878726,2.560265055874456e-08,9450380.56293815,25.36300399352278,25.36300399352278,0.12071650288844,False,20262077,100,1.4164491346498451,0.3721924556343721,0.0099009900990099,0.396039603960396,49682.59434931073,731813.7605948217,26111.811192475783,47843.673412039854,49293.68828694465,718051.7242470051,767821.0327576406,771676.3928161771,11224.035543529695,1.1879427748866265,1.0321643477659013,731813.7605948217,31026.922690912543,63167455.77674818,0.0115852973908156,1481,0.0045581379497873,-1.445965571882522,1.4440828042107998,-4096.0,4090.666666666666,C:\Users\kimeu\Downloads\starlink_pathB_wsl_package_v0_3_clean\starlink_pathB\paper_final_experiment_check\coverage_null_global_stats_fourflux\0_1_lst044_typical_full_polybeam_lines_S300_single.npz,9.10175923472585,9444.443085672718,1.7798436919007438e-05,140609741.2109375,False,False,True,True,True,True,True,True,True,True,True,False
0_1,14.60794900739243,short,typical,44,2461041.8055555555,2461041.8123785085,full_polybeam,lines,1000.0,single,coherent_ab,3,33,1,57722,86.861,0.1653330813172043,2.560265055874456e-08,0.2419547912000571,0,3,3,3,0.0,0.2419547912000571,0.0,0.7241364102878726,2.560265055874456e-08,9450380.56293815,84.54334664507594,84.54334664507594,0.4023883429614669,False,20262111,100,1.50940689004864,-0.0134963957561662,0.0198019801980198,0.5148514851485149,183538.99312344007,2515067.1047475217,100682.86178301396,180084.1852045792,183446.93441864103,2517915.794503624,2751524.5656306734,2780564.433959532,37024.936962687134,0.9469823451961707,0.8588347279540681,2515067.1047475217,635376.8211533638,63167455.77674818,0.0398158683743174,1481,0.0045581379497873,-1.445965571882522,1.4440828042107998,-4096.0,4090.666666666666,C:\Users\kimeu\Downloads\starlink_pathB_wsl_package_v0_3_clean\starlink_pathB\paper_final_experiment_check\coverage_null_global_stats_fourflux\0_1_lst044_typical_full_polybeam_lines_S1000_single.npz,9.10175923472585,9444.443085672718,1.7798436919007438e-05,140609741.2109375,False,False,True,False,False,False,False,False,False,False,False,False
0_1,14.60794900739243,short,typical,44,2461041.8055555555,2461041.8123785085,full_polybeam,lines,1000.0,multi,coherent_ab,3,33,12,57722;57722;55172;55172;55550;55550;44436;44436;58038;45454;45454;55537,86.861;86.861;84.716;84.716;84.082;84.082;81.894;81.894;81.335;80.006;80.006;79.784,0.1653330813172043,2.560265055874456e-08,0.2419547912000571,0,3,3,3,0.0,0.2419547912000571,0.0,0.7241364102878726,2.560265055874456e-08,9450380.56293815,936.526618370758,183.4928737932485,2.894706362453149,False,20262128,100,3.7790244647379736,2.45081815382265,0.0396039603960396,0.0198019801980198,649960.9362312495,11825236.355559971,222771.79013472848,635101.1711784988,690596.0530767556,6178400.758119181,10778123.611122856,11301184.974020598,76245.90268715794,6.611109186035151,2.8997806712095278,11825236.355559971,10160010.635668883,63167455.77674818,0.1872045693490289,1481,0.0045581379497873,-1.445965571882522,1.4440828042107998,-4096.0,4090.666666666666,C:\Users\kimeu\Downloads\starlink_pathB_wsl_package_v0_3_clean\starlink_pathB\paper_final_experiment_check\coverage_null_global_stats_fourflux\0_1_lst044_typical_full_polybeam_lines_S1000_multi.npz,9.10175923472585,9444.443085672718,1.7798436919007438e-05,140609741.2109375,True,True,True,False,False,False,False,False,False,False,False,False
0_1,14.60794900739243,short,typical,44,2461041.8055555555,2461041.8123785085,full_polybeam,khz_comb,30.0,single,coherent_ab,3,33,1,57722,86.861,0.1653330813172043,2.560265055874456e-08,0.2419547912000571,0,3,3,3,0.0,0.2419547912000571,0.0,0.7241364102878726,2.560265055874456e-08,9450380.56293815,2.0873201899229614,2.0873201899229614,0.0105524655161757,False,20262179,100,1.2287136086855606,0.6517705338255884,0.0099009900990099,0.4257425742574257,4276.453119640704,64066.58810727991,2287.714885093679,4183.471801758907,4261.845950922491,63165.02340710064,66092.64379959182,66240.93319630761,1091.6991174654104,1.0885774416467613,0.9619839317673587,64066.58810727991,-1893.0398528087912,63167455.77674818,0.0010142341070963,1481,0.0045581379497873,-1.445965571882522,1.4440828042107998,-4096.0,4090.666666666666,C:\Users\kimeu\Downloads\starlink_pathB_wsl_package_v0_3_clean\starlink_pathB\paper_final_experiment_check\coverage_null_global_stats_fourflux\0_1_lst044_typical_full_polybeam_khz_comb_S30_single.npz,9.10175923472585,9444.443085672718,1.7798436919007438e-05,140609741.2109375,False,False,True,True,True,True,True,True,True,True,False,False
0_1,14.60794900739243,short,typical,44,2461041.8055555555,2461041.8123785085,full_polybeam,khz_comb,30.0,multi,coherent_ab,3,33,12,57722;57722;55172;55172;55550;55550;44436;44436;58038;45454;45454;55537,86.861;86.861;84.716;84.716;84.082;84.082;81.894;81.894;81.335;80.006;80.006;79.784,0.1653330813172043,2.560265055874456e-08,0.2419547912000571,0,3,3,3,0.0,0.2419547912000571,0.0,0.7241364102878726,2.560265055874456e-08,9450380.56293815,23.12223251738777,4.530319597869163,0.0747809573613726,False,20262196,100,3.9058194963596735,1.6991690887039954,0.0495049504950495,0.0792079207920792,11485.171650736129,187750.62734044023,3086.9479759729,9837.43987269194,14087.239973163949,111659.42676504995,207894.2495329725,224822.13189756192,1450.2780453435844,3.426805382051969,2.377269078061873,187750.62734044023,13653.634711479535,63167455.77674818,0.0029722683149374,1481,0.0045581379497873,-1.445965571882522,1.4440828042107998,-4096.0,4090.666666666666,C:\Users\kimeu\Downloads\starlink_pathB_wsl_package_v0_3_clean\starlink_pathB\paper_final_experiment_check\coverage_null_global_stats_fourflux\0_1_lst044_typical_full_polybeam_khz_comb_S30_multi.npz,9.10175923472585,9444.443085672718,1.7798436919007438e-05,140609741.2109375,True,True,True,False,False,False,False,False,False,False,False,False
0_1,14.60794900739243,short,typical,44,2461041.8055555555,2461041.8123785085,full_polybeam,khz_comb,300.0,single,coherent_ab,3,33,1,57722,86.861,0.1653330813172043,2.560265055874456e-08,0.2419547912000571,0,3,3,3,0.0,0.2419547912000571,0.0,0.7241364102878726,2.560265055874456e-08,9450380.56293815,20.873201899229617,20.873201899229617,0.1055246551617574,False,20262213,100,1.2870372613634264,0.0858971460205616,0.0099009900990099,0.4059405940594059,44465.6714447909,643240.137260783,24075.56398596236,43394.270204516666,44395.792305775576,641710.6007571807,672504.054957692,673622.2064809032,10685.734965548269,1.2655836269708312,1.1662561801496307,643240.137260783,30384.78298659105,63167455.77674818,0.0101830939579738,1481,0.0045581379497873,-1.445965571882522,1.4440828042107998,-4096.0,4090.666666666666,C:\Users\kimeu\Downloads\starlink_pathB_wsl_package_v0_3_clean\starlink_pathB\paper_final_experiment_check\coverage_null_global_stats_fourflux\0_1_lst044_typical_full_polybeam_khz_comb_S300_single.npz,9.10175923472585,9444.443085672718,1.7798436919007438e-05,140609741.2109375,False,False,True,True,True,True,True,True,True,True,True,False
0_1,14.60794900739243,short,typical,44,2461041.8055555555,2461041.8123785085,full_polybeam,khz_comb,300.0,multi,coherent_ab,3,33,12,57722;57722;55172;55172;55550;55550;44436;44436;58038;45454;45454;55537,86.861;86.861;84.716;84.716;84.082;84.082;81.894;81.894;81.335;80.006;80.006;79.784,0.1653330813172043,2.560265055874456e-08,0.2419547912000571,0,3,3,3,0.0,0.2419547912000571,0.0,0.7241364102878726,2.560265055874456e-08,9450380.56293815,231.22232517387764,45.30319597869161,0.7478095736137265,False,20262230,100,3.301035731393436,1.7492970789611135,0.0396039603960396,0.1188118811881188,127902.62401048606,1975993.7453019356,44792.66948523419,108336.35994923198,137319.1293694432,1195380.5660815528,2111791.853627043,2378180.239893051,16981.608473574335,4.0238023113391845,2.072516845410728,1975993.7453019356,706194.1402512181,63167455.77674818,0.0312818320922353,1481,0.0045581379497873,-1.445965571882522,1.4440828042107998,-4096.0,4090.666666666666,C:\Users\kimeu\Downloads\starlink_pathB_wsl_package_v0_3_clean\starlink_pathB\paper_final_experiment_check\coverage_null_global_stats_fourflux\0_1_lst044_typical_full_polybeam_khz_comb_S300_multi.npz,9.10175923472585,9444.443085672718,1.7798436919007438e-05,140609741.2109375,True,True,True,False,False,False,False,False,False,False,False,False
0_1,14.60794900739243,short,typical,44,2461041.8055555555,2461041.8123785085,full_polybeam,khz_comb,1000.0,single,coherent_ab,3,33,1,57722,86.861,0.1653330813172043,2.560265055874456e-08,0.2419547912000571,0,3,3,3,0.0,0.2419547912000571,0.0,0.7241364102878726,2.560265055874456e-08,9450380.56293815,69.57733966409873,69.57733966409873,0.3517488505391915,False,20262247,100,1.378444025761462,-0.0036753601110371,0.0099009900990099,0.504950495049505,162920.11683905078,2203132.878115451,90305.91563287664,159897.96541036415,162776.12257424343,2203884.502980843,2398518.8329844074,2405567.1811770704,35531.08200623753,1.0425705252599715,0.9670763015798004,2203132.878115451,527463.1909464542,63167455.77674818,0.0348776573478272,1481,0.0045581379497873,-1.445965571882522,1.4440828042107998,-4096.0,4090.666666666666,C:\Users\kimeu\Downloads\starlink_pathB_wsl_package_v0_3_clean\starlink_pathB\paper_final_experiment_check\coverage_null_global_stats_fourflux\0_1_lst044_typical_full_polybeam_khz_comb_S1000_single.npz,9.10175923472585,9444.443085672718,1.7798436919007438e-05,140609741.2109375,False,False,True,True,True,True,True,True,True,True,True,False
0_1,14.60794900739243,short,typical,44,2461041.8055555555,2461041.8123785085,full_polybeam,khz_comb,1000.0,multi,coherent_ab,3,33,12,57722;57722;55172;55172;55550;55550;44436;44436;58038;45454;45454;55537,86.861;86.861;84.716;84.716;84.082;84.082;81.894;81.894;81.335;80.006;80.006;79.784,0.1653330813172043,2.560265055874456e-08,0.2419547912000571,0,3,3,3,0.0,0.2419547912000571,0.0,0.7241364102878726,2.560265055874456e-08,9450380.56293815,770.7410839129254,151.01065326230534,2.492698578712421,False,20262264,100,3.6240493467289903,1.7077802615701374,0.0495049504950495,0.0495049504950495,539127.7004323304,9087623.61292956,204230.4686802677,513927.84135145845,631533.2970906949,5142904.084825428,8597243.828749051,9635505.870585598,62329.47363008134,5.018912944205996,2.782579004179086,9087623.61292956,7276949.050164528,63167455.77674818,0.1438655950470415,1481,0.0045581379497873,-1.445965571882522,1.4440828042107998,-4096.0,4090.666666666666,C:\Users\kimeu\Downloads\starlink_pathB_wsl_package_v0_3_clean\starlink_pathB\paper_final_experiment_check\coverage_null_global_stats_fourflux\0_1_lst044_typical_full_polybeam_khz_comb_S1000_multi.npz,9.10175923472585,9444.443085672718,1.7798436919007438e-05,140609741.2109375,True,True,True,False,False,False,False,False,False,False,False,False
157_146,140.36979839670377,mid,quiet,16,2461041.611111111,2461041.6179340645,frozen_polybeam,smooth,300.0,single,coherent_ab,2,12,1,54789,86.016,0.1657426075268817,1.2547272640388289e-08,0.0212303841364464,0,2,2,2,0.0,0.0212303841364464,0.0,0.0519940798441188,1.2547272640388289e-08,1692031.786103713,5.552679732925958,5.552679732925958,0.0087566297696521,False,20268033,100,1.1411932966739369,-0.931027793230476,0.0297029702970297,0.900990099009901,78.1242300153026,7333.157380281642,61.97879413119517,77.30507617958501,78.70969944964345,7576.002468832728,7824.19184388036,7839.00453102873,9.542596633972153,1.0904271550959757,1.0182518341898363,7333.157380281642,-1550.8700685206486,7185194.357100749,0.0010205927655992,1323,0.0437997767347234,-1.445965571882522,1.4440828042107998,-4096.0,4090.666666666666,C:\Users\kimeu\Downloads\starlink_pathB_wsl_package_v0_3_clean\starlink_pathB\paper_final_experiment_check\coverage_null_global_stats_fourflux\157_146_lst016_quiet_frozen_polybeam_smooth_S300_single.npz,9.10175923472585,9444.443085672718,1.7798436919007438e-05,140609741.2109375,False,False,True,False,False,False,False,False,False,False,False,False
157_146,140.36979839670377,mid,quiet,16,2461041.611111111,2461041.6179340645,full_polybeam,lines,300.0,single,coherent_ab,2,12,1,54789,86.016,0.1657426075268817,1.2547272640388289e-08,0.0212303841364464,0,2,2,2,0.0,0.0212303841364464,0.0,0.0519940798441188,1.2547272640388289e-08,1692031.786103713,8.047483800406525,8.047483800406525,0.0123839552512131,False,20268577,100,1.3875573406960549,-1.4174211217104855,0.0297029702970297,0.9108910891089108,101.1340837812022,8184.637054155169,82.2506412881512,100.60406740547931,101.33903935398796,8513.623619318236,8714.157075485624,8724.205989764934,9.179229639822552,1.3368159516895766,1.0112271908180883,8184.637054155169,-1554.984597897722,7185194.357100749,0.0011390975173923,1323,0.0437997767347234,-1.445965571882522,1.4440828042107998,-4096.0,4090.666666666666,C:\Users\kimeu\Downloads\starlink_pathB_wsl_package_v0_3_clean\starlink_pathB\paper_final_experiment_check\coverage_null_global_stats_fourflux\157_146_lst016_quiet_full_polybeam_lines_S300_single.npz,9.10175923472585,9444.443085672718,1.7798436919007438e-05,140609741.2109375,False,False,True,False,False,False,False,False,False,False,False,False
157_146,140.36979839670377,mid,typical,46,2461041.8194444445,2461041.826267397,frozen_polybeam,smooth,30.0,multi,coherent_ab,6,45,12,54917;54917;53220;53220;52302;55196;55196;57175;48310;54358;54358;44436,88.061;88.061;87.099;87.098;85.837;85.026;85.026;83.071;82.739;80.284;80.284;79.866,0.1653855846774193,1.874030786702616e-07,0.2357282416768072,0,6,6,6,0.0,0.2357282416768072,0.0,0.4552977482091947,1.874030786702616e-07,1257867.4979591686,40.08383220037329,8.405274699927453,0.0773076796352129,False,20268862,100,2.667443733349361,2.525547149248288,0.0198019801980198,0.0297029702970297,158.81752630810493,24147.73307486734,90.29872690981551,142.7441076147319,149.20267049418,16463.472662220673,22383.907427591843,24354.60953230073,17.325687686220363,3.328188669770788,1.9759054682660255,24147.73307486734,-2799.369285887929,3916710.068483179,0.0061653103376679,1323,0.0437997767347234,-1.445965571882522,1.4440828042107998,-4096.0,4090.666666666666,C:\Users\kimeu\Downloads\starlink_pathB_wsl_package_v0_3_clean\starlink_pathB\paper_final_experiment_check\coverage_null_global_stats_fourflux\157_146_lst046_typical_frozen_polybeam_smooth_S30_multi.npz,9.10175923472585,9444.443085672718,1.7798436919007438e-05,140609741.2109375,True,False,True,False,False,False,False,False,False,False,False,False
157_146,140.36979839670377,mid,typical,46,2461041.8194444445,2461041.826267397,frozen_polybeam,smooth,300.0,multi,coherent_ab,6,45,12,54917;54917;53220;53220;52302;55196;55196;57175;48310;54358;54358;44436,88.061;88.061;87.099;87.098;85.837;85.026;85.026;83.071;82.739;80.284;80.284;79.866,0.1653855846774193,1.874030786702616e-07,0.2357282416768072,0,6,6,6,0.0,0.2357282416768072,0.0,0.4552977482091947,1.874030786702616e-07,1257867.4979591686,400.83832200373286,84.05274699927452,0.773076796352129,False,20268896,100,2.639482867362547,1.529486670392895,0.0198019801980198,0.0297029702970297,1169.9086984875476,382445.2168979867,678.0688799087603,961.8674473728844,1095.1283105646305,236491.8562190872,359380.4580632462,383567.1012645174,125.68424553008116,2.747899196637636,1.5085664023066343,382445.2168979867,-300037.9434350652,3916710.068483179,0.0976445052635963,1323,0.0437997767347234,-1.445965571882522,1.4440828042107998,-4096.0,4090.666666666666,C:\Users\kimeu\Downloads\starlink_pathB_wsl_package_v0_3_clean\starlink_pathB\paper_final_experiment_check\coverage_null_global_stats_fourflux\157_146_lst046_typical_frozen_polybeam_smooth_S300_multi.npz,9.10175923472585,9444.443085672718,1.7798436919007438e-05,140609741.2109375,True,False,True,False,False,False,False,False,False,False,False,False
157_146,140.36979839670377,mid,typical,46,2461041.8194444445,2461041.826267397,frozen_polybeam,lines,30.0,multi,coherent_ab,6,45,12,54917;54917;53220;53220;52302;55196;55196;57175;48310;54358;54358;44436,88.061;88.061;87.099;87.098;85.837;85.026;85.026;83.071;82.739;80.284;80.284;79.866,0.1653855846774193,1.874030786702616e-07,0.2357282416768072,0,6,6,6,0.0,0.2357282416768072,0.0,0.4552977482091947,1.874030786702616e-07,1257867.4979591686,40.083341025950325,8.4051808928644,0.0773960419784949,False,20268998,100,2.434066079069621,1.5716095280174838,0.0297029702970297,0.0198019801980198,159.79555194699614,24145.40698466185,91.58936814073832,137.49731018273712,175.19941955694213,16588.774990057274,22648.55088565676,23356.911037290745,18.90024314133143,3.2172366671550856,2.1191140988519463,24145.40698466185,-2802.211431823834,3916710.068483179,0.0061647164488773,1323,0.0437997767347234,-1.445965571882522,1.4440828042107998,-4096.0,4090.666666666666,C:\Users\kimeu\Downloads\starlink_pathB_wsl_package_v0_3_clean\starlink_pathB\paper_final_experiment_check\coverage_null_global_stats_fourflux\157_146_lst046_typical_frozen_polybeam_lines_S30_multi.npz,9.10175923472585,9444.443085672718,1.7798436919007438e-05,140609741.2109375,True,False,True,False,False,False,False,False,False,False,False,False
157_146,140.36979839670377,mid,typical,46,2461041.8194444445,2461041.826267397,frozen_polybeam,khz_comb,30.0,multi,coherent_ab,6,45,12,54917;54917;53220;53220;52302;55196;55196;57175;48310;54358;54358;44436,88.061;88.061;87.099;87.098;85.837;85.026;85.026;83.071;82.739;80.284;80.284;79.866,0.1653855846774193,1.874030786702616e-07,0.2357282416768072,0,6,6,6,0.0,0.2357282416768072,0.0,0.4552977482091947,1.874030786702616e-07,1257867.4979591686,32.98776370790431,6.91728147900424,0.0687257669984635,False,20269134,100,2.4116156477834725,1.5582788085322752,0.0198019801980198,0.0198019801980198,162.43810293071027,23254.630484585912,90.0009613513289,139.2120134319809,161.7130585645755,16522.68795967927,21501.95517934269,22741.31649107345,20.25952298124139,3.440857200556501,2.022350234473958,23254.630484585912,-2457.3858944373947,3916710.068483179,0.0059372866712066,1323,0.0437997767347234,-1.445965571882522,1.4440828042107998,-4096.0,4090.666666666666,C:\Users\kimeu\Downloads\starlink_pathB_wsl_package_v0_3_clean\starlink_pathB\paper_final_experiment_check\coverage_null_global_stats_fourflux\157_146_lst046_typical_frozen_polybeam_khz_comb_S30_multi.npz,9.10175923472585,9444.443085672718,1.7798436919007438e-05,140609741.2109375,True,False,True,False,False,False,False,False,False,False,False,False
157_146,140.36979839670377,mid,typical,46,2461041.8194444445,2461041.826267397,frozen_polybeam,khz_comb,300.0,multi,coherent_ab,6,45,12,54917;54917;53220;53220;52302;55196;55196;57175;48310;54358;54358;44436,88.061;88.061;87.099;87.098;85.837;85.026;85.026;83.071;82.739;80.284;80.284;79.866,0.1653855846774193,1.874030786702616e-07,0.2357282416768072,0,6,6,6,0.0,0.2357282416768072,0.0,0.4552977482091947,1.874030786702616e-07,1257867.4979591686,329.87763707904315,69.1728147900424,0.6872576699846353,False,20269168,100,2.5891375204163136,1.7801309010716817,0.0297029702970297,0.0099009900990099,1254.1831758652047,344972.13949308114,681.1939701969089,1134.375878475821,1263.584390219492,187061.2526300886,318885.77373609995,341496.3820072867,149.2682105355908,3.2860330887854494,1.534700165844412,344972.13949308114,-256654.8933169873,3916710.068483179,0.0880770170529058,1323,0.0437997767347234,-1.445965571882522,1.4440828042107998,-4096.0,4090.666666666666,C:\Users\kimeu\Downloads\starlink_pathB_wsl_package_v0_3_clean\starlink_pathB\paper_final_experiment_check\coverage_null_global_stats_fourflux\157_146_lst046_typical_frozen_polybeam_khz_comb_S300_multi.npz,9.10175923472585,9444.443085672718,1.7798436919007438e-05,140609741.2109375,True,False,True,False,False,False,False,False,False,False,False,False
157_146,140.36979839670377,mid,typical,46,2461041.8194444445,2461041.826267397,frozen_polybeam,khz_comb,1000.0,multi,coherent_ab,6,45,12,54917;54917;53220;53220;52302;55196;55196;57175;48310;54358;54358;44436,88.061;88.061;87.099;87.098;85.837;85.026;85.026;83.071;82.739;80.284;80.284;79.866,0.1653855846774193,1.874030786702616e-07,0.2357282416768072,0,6,6,6,0.0,0.2357282416768072,0.0,0.4552977482091947,1.874030786702616e-07,1257867.4979591686,1099.5921235968103,230.57604930014136,2.290858899948785,False,20269202,100,2.630448369452353,1.3788336828682026,0.0099009900990099,0.0396039603960396,3145.403164608324,2958192.865236739,1481.4803033666349,2532.0064371681983,2883.9584838562555,1406333.3041531474,2881928.9041117844,3019004.162435871,426.6575263072105,3.274156253614357,1.0696236831366626,2958192.865236739,-2861154.8797088447,3916710.068483179,0.7552749153021572,1323,0.0437997767347234,-1.445965571882522,1.4440828042107998,-4096.0,4090.666666666666,C:\Users\kimeu\Downloads\starlink_pathB_wsl_package_v0_3_clean\starlink_pathB\paper_final_experiment_check\coverage_null_global_stats_fourflux\157_146_lst046_typical_frozen_polybeam_khz_comb_S1000_multi.npz,9.10175923472585,9444.443085672718,1.7798436919007438e-05,140609741.2109375,True,False,True,True,True,True,True,True,True,True,True,True
157_146,140.36979839670377,mid,typical,46,2461041.8194444445,2461041.826267397,full_polybeam,smooth,30.0,multi,coherent_ab,6,45,12,54917;54917;53220;53220;52302;55196;55196;57175;48310;54358;54358;44436,88.061;88.061;87.099;87.098;85.837;85.026;85.026;83.071;82.739;80.284;80.284;79.866,0.1653855846774193,1.874030786702616e-07,0.2357282416768072,0,6,6,6,0.0,0.2357282416768072,0.0,0.4552977482091947,1.874030786702616e-07,1257867.4979591686,57.57030336742266,11.092828295703711,0.1104113475421571,False,20269270,100,2.98910191092545,2.1993769441428217,0.0198019801980198,0.0198019801980198,230.10605571784455,30535.91778124219,115.68841145058992,200.41789885762464,210.927069802654,19423.74939851694,27989.327345947346,28640.78948090431,25.818338109271732,3.494017595766178,2.0941641357867065,30535.91778124219,-8137.864566223063,3916710.068483179,0.0077963181464355,1323,0.0437997767347234,-1.445965571882522,1.4440828042107998,-4096.0,4090.666666666666,C:\Users\kimeu\Downloads\starlink_pathB_wsl_package_v0_3_clean\starlink_pathB\paper_final_experiment_check\coverage_null_global_stats_fourflux\157_146_lst046_typical_full_polybeam_smooth_S30_multi.npz,9.10175923472585,9444.443085672718,1.7798436919007438e-05,140609741.2109375,True,False,True,False,False,False,False,False,False,False,False,False
157_146,140.36979839670377,mid,typical,46,2461041.8194444445,2461041.826267397,full_polybeam,khz_comb,10.0,multi,coherent_ab,6,45,12,54917;54917;53220;53220;52302;55196;55196;57175;48310;54358;54358;44436,88.061;88.061;87.099;87.098;85.837;85.026;85.026;83.071;82.739;80.284;80.284;79.866,0.1653855846774193,1.874030786702616e-07,0.2357282416768072,0,6,6,6,0.0,0.2357282416768072,0.0,0.4552977482091947,1.874030786702616e-07,1257867.4979591686,15.792578686605877,3.042988774493736,0.0316959325516131,False,20269508,100,2.4919948519934465,2.307708832543748,0.0297029702970297,0.0099009900990099,74.14503907851773,8914.198584577196,40.29233665805907,64.5448978356012,79.8460176434599,6145.035268498568,8155.572885066931,8314.673441321804,9.162673409074271,4.053393215608311,2.0678802476203395,8914.198584577196,-1310.5359275606304,3916710.068483179,0.0022759403756503,1323,0.0437997767347234,-1.445965571882522,1.4440828042107998,-4096.0,4090.666666666666,C:\Users\kimeu\Downloads\starlink_pathB_wsl_package_v0_3_clean\starlink_pathB\paper_final_experiment_check\coverage_null_global_stats_fourflux\157_146_lst046_typical_full_polybeam_khz_comb_S10_multi.npz,9.10175923472585,9444.443085672718,1.7798436919007438e-05,140609741.2109375,True,False,True,False,False,False,False,False,False,False,False,False
157_146,140.36979839670377,mid,typical,46,2461041.8194444445,2461041.826267397,full_polybeam,khz_comb,30.0,multi,coherent_ab,6,45,12,54917;54917;53220;53220;52302;55196;55196;57175;48310;54358;54358;44436,88.061;88.061;87.099;87.098;85.837;85.026;85.026;83.071;82.739;80.284;80.284;79.866,0.1653855846774193,1.874030786702616e-07,0.2357282416768072,0,6,6,6,0.0,0.2357282416768072,0.0,0.4552977482091947,1.874030786702616e-07,1257867.4979591686,47.37773605981763,9.128966323481206,0.0950877976548393,False,20269542,100,3.394778297442202,2.0840219468287278,0.0396039603960396,0.0198019801980198,216.8375576983911,27158.13393631113,105.54101809141424,184.92474731550664,239.0314036417342,18270.242273472835,23622.215435417755,25191.123751381016,22.11292784073328,3.721158200621381,2.006697453860512,27158.13393631113,-6478.393415732411,3916710.068483179,0.0069339148064203,1323,0.0437997767347234,-1.445965571882522,1.4440828042107998,-4096.0,4090.666666666666,C:\Users\kimeu\Downloads\starlink_pathB_wsl_package_v0_3_clean\starlink_pathB\paper_final_experiment_check\coverage_null_global_stats_fourflux\157_146_lst046_typical_full_polybeam_khz_comb_S30_multi.npz,9.10175923472585,9444.443085672718,1.7798436919007438e-05,140609741.2109375,True,True,True,False,False,False,False,False,False,False,False,False
159_76,156.200250406372,mid,stress,0,2461041.5,2461041.506822953,frozen_polybeam,smooth,30.0,multi,coherent_ab,4,10,10,58881;58881;46696;46696;48029;48029;54100;54100;58069;58069,88.065;88.065;86.822;86.617;85.104;85.104;83.508;83.508;77.989;77.989,0.2313613071236559,8.574847721632174e-05,0.5502745938468236,1,4,4,4,0.3308758856684498,0.5502745938468236,0.3308758856684498,0.7280464634021924,8.574847721632174e-05,6417.310390931139,7.4517406806086,2.389388103934631,0.0117285113488963,False,20272080,100,1.897089052641672,1.158396368406571,0.0297029702970297,0.0495049504950495,101.63652620007632,15716.069027670988,58.416525996985,86.55835520647815,105.66299053213154,10911.126672860311,15222.602760495269,16042.890387696249,15.366432440780043,2.8303451827404102,1.925788539272108,15716.069027670988,-1155.2041246155866,11210403.618008925,0.0014019182148289,1303,0.0487393739383446,-1.445965571882522,1.4440828042107998,-4096.0,4090.666666666666,C:\Users\kimeu\Downloads\starlink_pathB_wsl_package_v0_3_clean\starlink_pathB\paper_final_experiment_check\coverage_null_global_stats_fourflux\159_76_lst000_stress_frozen_polybeam_smooth_S30_multi.npz,9.10175923472585,9444.443085672718,1.7798436919007438e-05,140609741.2109375,False,False,True,False,False,False,False,False,False,False,False,False
159_76,156.200250406372,mid,stress,0,2461041.5,2461041.506822953,frozen_polybeam,lines,30.0,multi,coherent_ab,4,10,10,58881;58881;46696;46696;48029;48029;54100;54100;58069;58069,88.065;88.065;86.822;86.617;85.104;85.104;83.508;83.508;77.989;77.989,0.2313613071236559,8.574847721632174e-05,0.5502745938468236,1,4,4,4,0.3308758856684498,0.5502745938468236,0.3308758856684498,0.7280464634021924,8.574847721632174e-05,6417.310390931139,7.451532552681039,2.3892963230171063,0.0117387940502979,False,20272216,100,1.5828282920258203,1.0607339888534917,0.0297029702970297,0.0495049504950495,101.22172818153922,15714.492877746785,57.166124094281486,92.6158727334754,109.83064437525545,10740.405719047583,15577.034812362232,16044.279184600417,18.77341844956732,3.39957724846021,2.245182357249402,15714.492877746785,-1168.6128123628996,11210403.618008925,0.0014017776177569,1303,0.0487393739383446,-1.445965571882522,1.4440828042107998,-4096.0,4090.666666666666,C:\Users\kimeu\Downloads\starlink_pathB_wsl_package_v0_3_clean\starlink_pathB\paper_final_experiment_check\coverage_null_global_stats_fourflux\159_76_lst000_stress_frozen_polybeam_lines_S30_multi.npz,9.10175923472585,9444.443085672718,1.7798436919007438e-05,140609741.2109375,False,False,True,False,False,False,False,False,False,False,False,False
23_80,207.2758462936688,long,stress,0,2461041.5,2461041.506822953,frozen_polybeam,smooth,300.0,multi,coherent_ab,4,10,10,58881;58881;46696;46696;48029;48029;54100;54100;58069;58069,88.065;88.065;86.822;86.617;85.104;85.104;83.508;83.508;77.989;77.989,0.2671055947580645,0.0001112423478926,0.5502745938468236,1,4,4,4,0.3308758856684498,0.5502745938468236,0.3308758856684498,0.7280464634021924,0.0001112423478926,4946.628727918531,47.40737695690594,11.104044748835577,0.0712174720083035,False,20274562,100,1.552690018708715,1.015630856300276,0.0198019801980198,0.0099009900990099,479.9412237943338,75655.81412456799,259.77376609100145,424.5127372976591,452.26603920589326,55018.40548641699,71910.68176334977,73634.5918630041,95.64105775720236,3.413670236143708,2.047490489528558,75655.81412456799,18338.610812398056,8696461.184763726,0.0086996092453235,1239,0.0646765607264471,-1.445965571882522,1.4440828042107998,-4096.0,4090.666666666666,C:\Users\kimeu\Downloads\starlink_pathB_wsl_package_v0_3_clean\starlink_pathB\paper_final_experiment_check\coverage_null_global_stats_fourflux\23_80_lst000_stress_frozen_polybeam_smooth_S300_multi.npz,9.10175923472585,9444.443085672718,1.7798436919007438e-05,140609741.2109375,False,False,True,False,False,False,False,False,False,False,False,False
23_80,207.2758462936688,long,stress,0,2461041.5,2461041.506822953,frozen_polybeam,smooth,1000.0,multi,coherent_ab,4,10,10,58881;58881;46696;46696;48029;48029;54100;54100;58069;58069,88.065;88.065;86.822;86.617;85.104;85.104;83.508;83.508;77.989;77.989,0.2671055947580645,0.0001112423478926,0.5502745938468236,1,4,4,4,0.3308758856684498,0.5502745938468236,0.3308758856684498,0.7280464634021924,0.0001112423478926,4946.628727918531,158.02458985635317,37.01348249611858,0.2373915733610119,False,20274596,100,1.6131174256792156,0.862785469352771,0.0297029702970297,0.0594059405940594,1553.5982924001737,250057.3649181201,873.9951809237618,1468.7501263385575,1601.723856118128,188363.25242914644,248702.91089700148,252603.26905246387,284.16159388357937,3.782217721891971,2.0814746955606167,250057.3649181201,47372.59330564029,8696461.184763726,0.0287539218085883,1239,0.0646765607264471,-1.445965571882522,1.4440828042107998,-4096.0,4090.666666666666,C:\Users\kimeu\Downloads\starlink_pathB_wsl_package_v0_3_clean\starlink_pathB\paper_final_experiment_check\coverage_null_global_stats_fourflux\23_80_lst000_stress_frozen_polybeam_smooth_S1000_multi.npz,9.10175923472585,9444.443085672718,1.7798436919007438e-05,140609741.2109375,False,False,True,False,False,False,False,False,False,False,False,False
23_80,207.2758462936688,long,stress,0,2461041.5,2461041.506822953,frozen_polybeam,lines,300.0,multi,coherent_ab,4,10,10,58881;58881;46696;46696;48029;48029;54100;54100;58069;58069,88.065;88.065;86.822;86.617;85.104;85.104;83.508;83.508;77.989;77.989,0.2671055947580645,0.0001112423478926,0.5502745938468236,1,4,4,4,0.3308758856684498,0.5502745938468236,0.3308758856684498,0.7280464634021924,0.0001112423478926,4946.628727918531,47.40711268809636,11.104005870354555,0.0712726899089666,False,20274698,100,1.6915316873476798,0.9066564077742444,0.0198019801980198,0.0396039603960396,481.0671148728577,75551.91216626213,244.43362631671164,437.006503714596,464.5841297081222,53474.73078159256,72630.76140988285,76961.88480843966,94.35655424468872,3.7115551201296855,2.152835137349712,75551.91216626213,18354.28225005099,8696461.184763726,0.0086876616316795,1239,0.0646765607264471,-1.445965571882522,1.4440828042107998,-4096.0,4090.666666666666,C:\Users\kimeu\Downloads\starlink_pathB_wsl_package_v0_3_clean\starlink_pathB\paper_final_experiment_check\coverage_null_global_stats_fourflux\23_80_lst000_stress_frozen_polybeam_lines_S300_multi.npz,9.10175923472585,9444.443085672718,1.7798436919007438e-05,140609741.2109375,False,False,True,False,False,False,False,False,False,False,False,False
23_80,207.2758462936688,long,stress,0,2461041.5,2461041.506822953,frozen_polybeam,lines,1000.0,multi,coherent_ab,4,10,10,58881;58881;46696;46696;48029;48029;54100;54100;58069;58069,88.065;88.065;86.822;86.617;85.104;85.104;83.508;83.508;77.989;77.989,0.2671055947580645,0.0001112423478926,0.5502745938468236,1,4,4,4,0.3308758856684498,0.5502745938468236,0.3308758856684498,0.7280464634021924,0.0001112423478926,4946.628727918531,158.0237089603212,37.013352901181854,0.2375756330298888,False,20274732,100,1.464951474822573,0.916428161683859,0.0297029702970297,0.0495049504950495,1557.6798462283457,249710.43952996493,902.5388924208304,1417.4568476777265,1585.9899698811428,180163.0966106944,245496.32115234825,253237.24395189848,301.6390147334887,3.257571579119049,1.9808217376268311,249710.43952996493,47431.399827060086,8696461.184763726,0.0287140291004184,1239,0.0646765607264471,-1.445965571882522,1.4440828042107998,-4096.0,4090.666666666666,C:\Users\kimeu\Downloads\starlink_pathB_wsl_package_v0_3_clean\starlink_pathB\paper_final_experiment_check\coverage_null_global_stats_fourflux\23_80_lst000_stress_frozen_polybeam_lines_S1000_multi.npz,9.10175923472585,9444.443085672718,1.7798436919007438e-05,140609741.2109375,False,False,True,False,False,False,False,False,False,False,False,False
23_80,207.2758462936688,long,stress,0,2461041.5,2461041.506822953,frozen_polybeam,khz_comb,300.0,multi,coherent_ab,4,10,10,58881;58881;46696;46696;48029;48029;54100;54100;58069;58069,88.065;88.065;86.822;86.617;85.104;85.104;83.508;83.508;77.989;77.989,0.2671055947580645,0.0001112423478926,0.5502745938468236,1,4,4,4,0.3308758856684498,0.5502745938468236,0.3308758856684498,0.7280464634021924,0.0001112423478926,4946.628727918531,39.01502498879369,9.13835586988563,0.0634512548955074,False,20274834,100,2.168157512250204,1.1597252038596066,0.0198019801980198,0.0099009900990099,411.3081081140091,67597.61471769519,213.3570437018552,353.80353736610914,377.1574123179252,45712.77269311251,64740.24907954094,66522.03251327934,61.58047236890343,3.895928715675725,2.401704916715854,67597.61471769519,15733.940849708872,8696461.184763726,0.0077730025215459,1239,0.0646765607264471,-1.445965571882522,1.4440828042107998,-4096.0,4090.666666666666,C:\Users\kimeu\Downloads\starlink_pathB_wsl_package_v0_3_clean\starlink_pathB\paper_final_experiment_check\coverage_null_global_stats_fourflux\23_80_lst000_stress_frozen_polybeam_khz_comb_S300_multi.npz,9.10175923472585,9444.443085672718,1.7798436919007438e-05,140609741.2109375,True,False,True,False,False,False,False,False,False,False,False,False
23_80,207.2758462936688,long,stress,0,2461041.5,2461041.506822953,full_polybeam,lines,30.0,multi,coherent_ab,4,10,10,58881;58881;46696;46696;48029;48029;54100;54100;58069;58069,88.065;88.065;86.822;86.617;85.104;85.104;83.508;83.508;77.989;77.989,0.2671055947580645,0.0001112423478926,0.5502745938468236,1,4,4,4,0.3308758856684498,0.5502745938468236,0.3308758856684498,0.7280464634021924,0.0001112423478926,4946.628727918531,6.702013270322169,1.308790025440975,0.0096085753757504,False,20275072,100,1.6028794744817696,1.3661487581625582,0.0297029702970297,0.0099009900990099,50.229266314036806,9227.85833426004,27.77097689864786,45.76423438998126,53.01112001385796,6285.075488247826,8591.979469453609,9019.38650207631,9.450435248244958,3.454241864567695,2.3603381314435774,9227.85833426004,2803.2827917067134,8696461.184763726,0.0010611049872133,1239,0.0646765607264471,-1.445965571882522,1.4440828042107998,-4096.0,4090.666666666666,C:\Users\kimeu\Downloads\starlink_pathB_wsl_package_v0_3_clean\starlink_pathB\paper_final_experiment_check\coverage_null_global_stats_fourflux\23_80_lst000_stress_full_polybeam_lines_S30_multi.npz,9.10175923472585,9444.443085672718,1.7798436919007438e-05,140609741.2109375,False,False,True,False,False,False,False,False,False,False,False,False
4_196,190.65540049004915,long,typical,53,2461041.8680555555,2461041.8748785085,full_polybeam,khz_comb,1000.0,multi,coherent_ab,3,37,12,59849;59849;51771;57225;57225;58067;58067;57221;57221;58240;58240;58912,87.319;87.318;86.889;86.065;86.065;84.828;84.828;84.099;84.099;82.316;82.316;81.953,0.1665616599462365,1.04736401041449e-07,0.3041325609933296,1,3,3,3,0.0023396773596836,0.3041325609933296,0.0023396773596836,0.4996640359057469,1.04736401041449e-07,2903790.4488714524,1519.0951338316145,540.9582546810772,2.970035331556951,False,20276961,100,1.6920654630008634,1.2994349837830712,0.0297029702970297,0.0198019801980198,10521.935460183762,12731677.71979092,5352.6079770915685,9825.823852868096,11161.871876843214,5571933.460407058,11867089.019767966,12424131.362110928,2060.5961744946453,5.207289042667071,0.7836606109467981,12731677.71979092,-12414571.375792056,4081507.601772917,3.11935661084168,1261,0.0594904606982005,-1.445965571882522,1.4440828042107998,-4096.0,4090.666666666666,C:\Users\kimeu\Downloads\starlink_pathB_wsl_package_v0_3_clean\starlink_pathB\paper_final_experiment_check\coverage_null_global_stats_fourflux\4_196_lst053_typical_full_polybeam_khz_comb_S1000_multi.npz,9.10175923472585,9444.443085672718,1.7798436919007438e-05,140609741.2109375,False,False,True,False,False,False,False,False,False,False,False,False
4_196,190.65540049004915,long,stress,0,2461041.5,2461041.506822953,frozen_polybeam,khz_comb,1000.0,single,coherent_ab,4,10,1,58881,88.065,0.2652994791666667,0.0001677236185346,0.5502745938468236,1,4,4,4,0.3308758856684498,0.5502745938468236,0.3308758856684498,0.7280464634021924,0.0001677236185346,3280.8414143128903,16.185649576523087,16.185649576523087,0.0194135995875297,False,20277299,100,0.93961477929307,-0.2940981367077331,0.0198019801980198,0.5643564356435643,478.3340797483543,72125.80021307398,428.1572103783788,476.30660411184726,477.1842113239496,73385.88434845951,76667.97428491453,76826.9072456026,36.01884035389003,0.8924151955909518,0.8594238601200979,72125.80021307398,4884.718348293847,7539724.135843243,0.0095661059892355,1261,0.0594904606982005,-1.445965571882522,1.4440828042107998,-4096.0,4090.666666666666,C:\Users\kimeu\Downloads\starlink_pathB_wsl_package_v0_3_clean\starlink_pathB\paper_final_experiment_check\coverage_null_global_stats_fourflux\4_196_lst000_stress_frozen_polybeam_khz_comb_S1000_single.npz,9.10175923472585,9444.443085672718,1.7798436919007438e-05,140609741.2109375,False,False,True,False,False,False,False,False,False,False,False,False
4_196,190.65540049004915,long,stress,0,2461041.5,2461041.506822953,full_polybeam,khz_comb,1000.0,single,coherent_ab,4,10,1,58881,88.065,0.2652994791666667,0.0001677236185346,0.5502745938468236,1,4,4,4,0.3308758856684498,0.5502745938468236,0.3308758856684498,0.7280464634021924,0.0001677236185346,3280.8414143128903,16.53069753055989,16.53069753055989,0.023295656856031,False,20277707,100,1.4641056252653353,-0.265479124618504,0.0297029702970297,0.594059405940594,565.4424385105667,84525.45394777779,483.2668367168108,552.4589669912566,565.5114976129287,85845.78441347892,89970.19469462392,90668.56558668637,37.85702555051103,1.13291554163524,1.026967213614464,84525.45394777779,6215.037531138183,7539724.135843243,0.0112106825693993,1261,0.0594904606982005,-1.445965571882522,1.4440828042107998,-4096.0,4090.666666666666,C:\Users\kimeu\Downloads\starlink_pathB_wsl_package_v0_3_clean\starlink_pathB\paper_final_experiment_check\coverage_null_global_stats_fourflux\4_196_lst000_stress_full_polybeam_khz_comb_S1000_single.npz,9.10175923472585,9444.443085672718,1.7798436919007438e-05,140609741.2109375,False,False,True,False,False,False,False,False,False,False,False,False
82_0,81.33403506806889,mid,typical,18,2461041.625,2461041.631822953,frozen_polybeam,smooth,300.0,multi,coherent_ab,4,15,12,51852;51852;59338;59338;44933;54377;54377;54377;54377;56383;56383;55671,88.470;88.470;80.846;80.846;78.896;78.206;78.206;78.206;78.206;76.693;76.693;73.341,0.1651755712365591,3.430781997250637e-07,0.2363981628786352,0,4,4,4,0.0,0.2363981628786352,0.0,0.3843854174911955,3.430781997250637e-07,689050.3770512966,27.63986487336297,9.512525930608684,0.0582768365088277,False,20281108,100,3.407243152420257,1.459665465605046,0.0297029702970297,0.0099009900990099,630.81255775717,55307.14365010987,317.2086689789958,507.9052473017737,646.2430527095676,38702.40922852551,51700.7271595936,52839.56554819934,62.080372798329336,2.9970354726836432,2.020471886960989,55307.14365010987,11666.579952313945,7002555.369146705,0.0078981372848251,1397,0.0253787682080139,-1.445965571882522,1.4440828042107998,-4096.0,4090.666666666666,C:\Users\kimeu\Downloads\starlink_pathB_wsl_package_v0_3_clean\starlink_pathB\paper_final_experiment_check\coverage_null_global_stats_fourflux\82_0_lst018_typical_frozen_polybeam_smooth_S300_multi.npz,9.10175923472585,9444.443085672718,1.7798436919007438e-05,140609741.2109375,True,True,True,False,False,False,False,False,False,False,False,False
82_0,81.33403506806889,mid,typical,18,2461041.625,2461041.631822953,frozen_polybeam,smooth,1000.0,multi,coherent_ab,4,15,12,51852;51852;59338;59338;44933;54377;54377;54377;54377;56383;56383;55671,88.470;88.470;80.846;80.846;78.896;78.206;78.206;78.206;78.206;76.693;76.693;73.341,0.1651755712365591,3.430781997250637e-07,0.2363981628786352,0,4,4,4,0.0,0.2363981628786352,0.0,0.3843854174911955,3.430781997250637e-07,689050.3770512966,92.13288291120992,31.70841976869562,0.1942561216960925,False,20281142,100,2.796645766033516,1.3444264914402375,0.0198019801980198,0.0099009900990099,2141.5259630831424,184430.07956554505,973.0533866518126,1666.7299404678613,1773.3786379084083,124179.3467778172,169367.62550645022,178806.45601321684,281.81043344024874,3.067869218827943,2.2587090430237544,184430.07956554505,40058.14232523616,7002555.369146705,0.0263375396327667,1397,0.0253787682080139,-1.445965571882522,1.4440828042107998,-4096.0,4090.666666666666,C:\Users\kimeu\Downloads\starlink_pathB_wsl_package_v0_3_clean\starlink_pathB\paper_final_experiment_check\coverage_null_global_stats_fourflux\82_0_lst018_typical_frozen_polybeam_smooth_S1000_multi.npz,9.10175923472585,9444.443085672718,1.7798436919007438e-05,140609741.2109375,True,False,True,False,False,False,False,False,False,False,False,False
82_0,81.33403506806889,mid,typical,18,2461041.625,2461041.631822953,frozen_polybeam,lines,300.0,multi,coherent_ab,4,15,12,51852;51852;59338;59338;44933;54377;54377;54377;54377;56383;56383;55671,88.470;88.470;80.846;80.846;78.896;78.206;78.206;78.206;78.206;76.693;76.693;73.341,0.1651755712365591,3.430781997250637e-07,0.2363981628786352,0,4,4,4,0.0,0.2363981628786352,0.0,0.3843854174911955,3.430781997250637e-07,689050.3770512966,27.635624236632797,9.510545185274893,0.0583473831414649,False,20281244,100,2.9085919618823333,1.596125451300568,0.0198019801980198,0.0099009900990099,635.291154049155,55357.17145912216,290.53903937404,486.2398525406901,575.2118945151055,37769.38875902818,51073.11792723677,52856.25769643477,79.94662665157557,3.1205692308347746,2.4145969874282414,55357.17145912216,11737.647545068445,7002555.369146705,0.0079052815066662,1397,0.0253787682080139,-1.445965571882522,1.4440828042107998,-4096.0,4090.666666666666,C:\Users\kimeu\Downloads\starlink_pathB_wsl_package_v0_3_clean\starlink_pathB\paper_final_experiment_check\coverage_null_global_stats_fourflux\82_0_lst018_typical_frozen_polybeam_lines_S300_multi.npz,9.10175923472585,9444.443085672718,1.7798436919007438e-05,140609741.2109375,True,False,True,False,False,False,False,False,False,False,False,False
82_0,81.33403506806889,mid,typical,18,2461041.625,2461041.631822953,frozen_polybeam,lines,1000.0,multi,coherent_ab,4,15,12,51852;51852;59338;59338;44933;54377;54377;54377;54377;56383;56383;55671,88.470;88.470;80.846;80.846;78.896;78.206;78.206;78.206;78.206;76.693;76.693;73.341,0.1651755712365591,3.430781997250637e-07,0.2363981628786352,0,4,4,4,0.0,0.2363981628786352,0.0,0.3843854174911955,3.430781997250637e-07,689050.3770512966,92.11874745544269,31.701817284249643,0.1944912771382164,False,20281278,100,3.03750061120294,1.764778650203031,0.0297029702970297,0.0198019801980198,2157.29317854729,184623.30974686972,986.8854676595474,1844.1241999092688,2354.539564143717,118010.20222974473,171506.2742451857,181117.19690196877,259.89432986527027,3.4966449290800794,2.4561569240691314,184623.30974686972,40285.11923201678,7002555.369146705,0.0263651338710324,1397,0.0253787682080139,-1.445965571882522,1.4440828042107998,-4096.0,4090.666666666666,C:\Users\kimeu\Downloads\starlink_pathB_wsl_package_v0_3_clean\starlink_pathB\paper_final_experiment_check\coverage_null_global_stats_fourflux\82_0_lst018_typical_frozen_polybeam_lines_S1000_multi.npz,9.10175923472585,9444.443085672718,1.7798436919007438e-05,140609741.2109375,True,True,True,False,False,False,False,False,False,False,False,False
82_0,81.33403506806889,mid,typical,18,2461041.625,2461041.631822953,frozen_polybeam,khz_comb,300.0,multi,coherent_ab,4,15,12,51852;51852;59338;59338;44933;54377;54377;54377;54377;56383;56383;55671,88.470;88.470;80.846;80.846;78.896;78.206;78.206;78.206;78.206;76.693;76.693;73.341,0.1651755712365591,3.430781997250637e-07,0.2363981628786352,0,4,4,4,0.0,0.2363981628786352,0.0,0.3843854174911955,3.430781997250637e-07,689050.3770512966,26.89573251695807,9.259483118102503,0.0529176618974351,False,20281380,100,2.9424279446981787,1.3807642388828678,0.0198019801980198,0.0099009900990099,762.2422164268864,56308.84816854288,329.4801283114648,657.531954217131,733.6805520825983,41278.47102907032,51538.01001904791,54193.51761823906,99.20175955764626,3.2853901716598344,2.212254017989395,56308.84816854288,10396.097000288775,7002555.369146705,0.0080411857100966,1397,0.0253787682080139,-1.445965571882522,1.4440828042107998,-4096.0,4090.666666666666,C:\Users\kimeu\Downloads\starlink_pathB_wsl_package_v0_3_clean\starlink_pathB\paper_final_experiment_check\coverage_null_global_stats_fourflux\82_0_lst018_typical_frozen_polybeam_khz_comb_S300_multi.npz,9.10175923472585,9444.443085672718,1.7798436919007438e-05,140609741.2109375,True,False,True,False,False,False,False,False,False,False,False,False
82_0,81.33403506806889,mid,typical,18,2461041.625,2461041.631822953,frozen_polybeam,khz_comb,1000.0,multi,coherent_ab,4,15,12,51852;51852;59338;59338;44933;54377;54377;54377;54377;56383;56383;55671,88.470;88.470;80.846;80.846;78.896;78.206;78.206;78.206;78.206;76.693;76.693;73.341,0.1651755712365591,3.430781997250637e-07,0.2363981628786352,0,4,4,4,0.0,0.2363981628786352,0.0,0.3843854174911955,3.430781997250637e-07,689050.3770512966,89.65244172319356,30.864943727008335,0.1763922063247837,False,20281414,100,3.4902527711455886,1.6073681150369885,0.0396039603960396,0.0099009900990099,2578.538914477518,187799.50097880996,1015.9042256019712,2053.423879877009,2687.4041067122803,114255.17934524416,172995.0481373711,176548.3560690017,301.97889012439555,2.644667692378018,2.113883514658503,187799.50097880996,35287.73900549485,7002555.369146705,0.0268187098964265,1397,0.0253787682080139,-1.445965571882522,1.4440828042107998,-4096.0,4090.666666666666,C:\Users\kimeu\Downloads\starlink_pathB_wsl_package_v0_3_clean\starlink_pathB\paper_final_experiment_check\coverage_null_global_stats_fourflux\82_0_lst018_typical_frozen_polybeam_khz_comb_S1000_multi.npz,9.10175923472585,9444.443085672718,1.7798436919007438e-05,140609741.2109375,True,True,True,False,False,False,False,False,False,False,False,False
82_0,81.33403506806889,mid,typical,18,2461041.625,2461041.631822953,full_polybeam,khz_comb,300.0,multi,coherent_ab,4,15,12,51852;51852;59338;59338;44933;54377;54377;54377;54377;56383;56383;55671,88.470;88.470;80.846;80.846;78.896;78.206;78.206;78.206;78.206;76.693;76.693;73.341,0.1651755712365591,3.430781997250637e-07,0.2363981628786352,0,4,4,4,0.0,0.2363981628786352,0.0,0.3843854174911955,3.430781997250637e-07,689050.3770512966,41.12997858073475,9.047733441028353,0.0807602333426314,False,20281788,100,2.5150153972460827,0.9501250998442704,0.0297029702970297,0.099009900990099,696.6117823054301,51383.53089770197,366.63268709949625,586.9775108685513,697.6663853687576,38939.74603787618,53086.16983178962,55993.44923431254,88.49562145049276,3.3105207119229445,2.1379367236284934,51383.53089770197,4371.457192635091,7002555.369146705,0.0073378257206073,1397,0.0253787682080139,-1.445965571882522,1.4440828042107998,-4096.0,4090.666666666666,C:\Users\kimeu\Downloads\starlink_pathB_wsl_package_v0_3_clean\starlink_pathB\paper_final_experiment_check\coverage_null_global_stats_fourflux\82_0_lst018_typical_full_polybeam_khz_comb_S300_multi.npz,9.10175923472585,9444.443085672718,1.7798436919007438e-05,140609741.2109375,True,False,True,False,False,False,False,False,False,False,False,False
82_0,81.33403506806889,mid,typical,18,2461041.625,2461041.631822953,full_polybeam,khz_comb,1000.0,multi,coherent_ab,4,15,12,51852;51852;59338;59338;44933;54377;54377;54377;54377;56383;56383;55671,88.470;88.470;80.846;80.846;78.896;78.206;78.206;78.206;78.206;76.693;76.693;73.341,0.1651755712365591,3.430781997250637e-07,0.2363981628786352,0,4,4,4,0.0,0.2363981628786352,0.0,0.3843854174911955,3.430781997250637e-07,689050.3770512966,137.09992860244915,30.1591114700945,0.2692007778087716,False,20281822,100,2.509197052640739,0.9679677654541348,0.0297029702970297,0.1386138613861386,2406.7278127536265,172660.61813768186,1204.4348466482006,1914.856457318089,2408.5620398790243,127782.89351931724,195377.9913011532,205657.36171543456,323.18525759799104,3.3339212179687463,2.2009057424396263,172660.61813768186,23626.042453531965,7002555.369146705,0.0246568015582462,1397,0.0253787682080139,-1.445965571882522,1.4440828042107998,-4096.0,4090.666666666666,C:\Users\kimeu\Downloads\starlink_pathB_wsl_package_v0_3_clean\starlink_pathB\paper_final_experiment_check\coverage_null_global_stats_fourflux\82_0_lst018_typical_full_polybeam_khz_comb_S1000_multi.npz,9.10175923472585,9444.443085672718,1.7798436919007438e-05,140609741.2109375,True,False,True,False,False,False,False,False,False,False,False,False
